62,0,"[1, 58, 135, 296]"
63,0,"[3, 57, 136, 294]"
64,0,"[13, 57, 138, 297]"
65,0,"[20, 58, 145, 294]"
67,0,"[37, 56, 149, 297]"
68,0,"[42, 57, 156, 296]"
69,0,"[49, 58, 165, 296]"
75,0,"[78, 61, 262, 303]"
84,0,"[4, 66, 390, 300]"
90,0,"[189, 62, 321, 296]"
91,0,"[196, 63, 322, 296]"
92,0,"[200, 65, 327, 297]"
93,0,"[201, 67, 330, 297]"
94,0,"[207, 66, 336, 286]"
95,0,"[211, 67, 340, 282]"
96,0,"[219, 68, 344, 279]"
97,0,"[228, 67, 348, 273]"
98,0,"[233, 68, 349, 267]"
99,0,"[240, 69, 350, 264]"
100,0,"[246, 66, 352, 258]"
101,0,"[251, 65, 352, 262]"
102,0,"[257, 67, 354, 259]"
103,0,"[259, 68, 355, 260]"
104,0,"[263, 66, 359, 275]"
105,0,"[269, 66, 361, 287]"
106,0,"[274, 68, 361, 273]"
107,0,"[280, 66, 367, 265]"
108,0,"[283, 67, 370, 268]"
109,0,"[288, 69, 371, 279]"
110,0,"[291, 70, 377, 281]"
111,0,"[294, 69, 384, 279]"
112,0,"[301, 70, 393, 273]"
113,0,"[303, 70, 401, 287]"
114,0,"[310, 70, 401, 290]"
131,0,"[2, 12, 386, 298]"
132,0,"[3, 8, 387, 298]"
139,0,"[0, 45, 77, 299]"
140,0,"[0, 46, 83, 294]"
141,0,"[1, 46, 85, 295]"
142,0,"[1, 46, 90, 294]"
143,0,"[0, 46, 95, 294]"
144,0,"[3, 47, 99, 292]"
145,0,"[7, 48, 103, 298]"
146,0,"[12, 44, 105, 295]"
147,0,"[14, 43, 108, 293]"
148,0,"[21, 47, 112, 294]"
149,0,"[25, 51, 116, 296]"
150,0,"[27, 49, 154, 298]"
151,0,"[33, 48, 157, 298]"
152,0,"[28, 42, 168, 302]"
153,0,"[31, 42, 164, 301]"
154,0,"[35, 43, 175, 298]"
155,0,"[42, 44, 168, 299]"
156,0,"[43, 45, 174, 298]"
157,0,"[46, 46, 164, 300]"
158,0,"[55, 45, 163, 297]"
159,0,"[65, 45, 161, 297]"
160,0,"[67, 44, 169, 294]"
161,0,"[69, 44, 171, 295]"
162,0,"[72, 46, 175, 297]"
163,0,"[82, 45, 179, 296]"
164,0,"[88, 43, 182, 296]"
165,0,"[90, 43, 184, 294]"
166,0,"[92, 43, 188, 299]"
167,0,"[92, 42, 192, 300]"
168,0,"[104, 52, 199, 299]"
169,0,"[112, 54, 200, 293]"
171,0,"[117, 54, 210, 288]"
172,0,"[123, 54, 214, 287]"
173,0,"[125, 52, 220, 289]"
174,0,"[127, 52, 224, 293]"
175,0,"[126, 53, 229, 285]"
176,0,"[130, 45, 234, 298]"
177,0,"[133, 50, 254, 296]"
178,0,"[135, 51, 251, 296]"
179,0,"[136, 50, 257, 296]"
180,0,"[138, 52, 285, 298]"
181,0,"[144, 52, 255, 297]"
182,0,"[151, 51, 252, 293]"
183,0,"[147, 51, 269, 296]"
184,0,"[153, 52, 280, 294]"
185,0,"[166, 50, 259, 272]"
186,0,"[173, 51, 255, 278]"
187,0,"[177, 51, 260, 289]"
188,0,"[175, 60, 268, 294]"
189,0,"[180, 51, 269, 288]"
190,0,"[185, 53, 273, 285]"
191,0,"[192, 55, 277, 281]"
192,0,"[195, 56, 278, 283]"
193,0,"[202, 52, 294, 290]"
194,0,"[203, 59, 298, 296]"
195,0,"[207, 57, 299, 297]"
196,0,"[211, 58, 301, 295]"
197,0,"[214, 50, 301, 261]"
198,0,"[215, 51, 304, 263]"
199,0,"[217, 58, 306, 283]"
200,0,"[221, 58, 306, 285]"
201,0,"[223, 53, 311, 290]"
202,0,"[225, 54, 312, 291]"
203,0,"[228, 55, 313, 290]"
204,0,"[228, 54, 323, 292]"
204,1,"[37, 11, 213, 297]"
205,0,"[231, 55, 327, 294]"
206,0,"[237, 56, 334, 290]"
207,0,"[238, 58, 324, 286]"
207,1,"[76, 16, 230, 300]"
208,0,"[241, 59, 320, 275]"
209,0,"[243, 56, 322, 271]"
210,0,"[245, 58, 319, 268]"
211,0,"[247, 58, 321, 270]"
212,0,"[249, 60, 326, 277]"
213,0,"[252, 61, 327, 278]"
214,0,"[253, 58, 331, 284]"
215,0,"[256, 58, 334, 285]"
215,1,"[185, 18, 362, 301]"
216,0,"[258, 59, 336, 282]"
216,1,"[191, 19, 370, 301]"
217,0,"[259, 57, 337, 277]"
217,1,"[200, 21, 371, 300]"
218,0,"[262, 57, 339, 269]"
218,1,"[203, 21, 378, 301]"
219,0,"[262, 60, 348, 291]"
219,1,"[213, 25, 383, 299]"
220,0,"[261, 60, 350, 272]"
220,1,"[222, 26, 386, 296]"
221,0,"[263, 62, 350, 270]"
221,1,"[234, 27, 396, 280]"
222,0,"[265, 62, 355, 268]"
222,1,"[252, 25, 399, 261]"
223,0,"[270, 64, 357, 267]"
223,1,"[268, 26, 400, 277]"
224,0,"[272, 62, 359, 265]"
224,1,"[276, 23, 401, 265]"
225,0,"[272, 62, 362, 261]"
225,1,"[283, 18, 398, 290]"
226,0,"[271, 61, 363, 262]"
226,1,"[292, 20, 398, 279]"
227,0,"[284, 60, 368, 267]"
227,1,"[305, 20, 400, 251]"
228,0,"[285, 58, 369, 267]"
228,1,"[310, 19, 400, 260]"
229,0,"[288, 60, 369, 266]"
229,1,"[316, 22, 400, 259]"
230,0,"[289, 61, 370, 265]"
231,0,"[292, 60, 370, 261]"
232,0,"[292, 61, 373, 259]"
233,0,"[294, 62, 377, 261]"
234,0,"[296, 61, 378, 267]"
235,0,"[300, 61, 383, 264]"
236,0,"[304, 62, 387, 269]"
237,0,"[310, 62, 386, 266]"
238,0,"[310, 62, 387, 272]"
239,0,"[312, 62, 390, 269]"
240,0,"[323, 61, 393, 271]"
241,0,"[326, 59, 398, 281]"
242,0,"[328, 60, 398, 286]"
245,0,"[335, 62, 401, 293]"
246,0,"[337, 62, 400, 288]"
247,0,"[339, 62, 400, 292]"
248,0,"[340, 64, 400, 295]"
249,0,"[341, 63, 399, 298]"
316,1,"[0, 2, 93, 300]"
317,1,"[4, 1, 120, 293]"
318,1,"[0, 1, 134, 293]"
319,1,"[1, 1, 150, 295]"
320,1,"[2, 1, 158, 294]"
321,1,"[10, 2, 164, 295]"
322,1,"[17, 1, 170, 296]"
323,1,"[21, 1, 178, 297]"
324,1,"[24, -3, 185, 298]"
325,1,"[43, 0, 189, 304]"
326,1,"[47, 1, 194, 302]"
327,1,"[55, 0, 189, 300]"
333,1,"[96, 3, 230, 296]"
334,1,"[102, 1, 233, 298]"
335,1,"[111, 0, 242, 299]"
337,1,"[121, 0, 257, 298]"
338,1,"[132, 0, 267, 297]"
339,1,"[142, 0, 278, 300]"
340,1,"[146, 1, 290, 301]"
341,1,"[150, 0, 298, 300]"
342,1,"[152, 1, 302, 300]"
343,1,"[159, 0, 304, 301]"
344,1,"[173, 2, 312, 300]"
345,1,"[182, 4, 317, 297]"
346,1,"[185, 5, 317, 296]"
347,1,"[188, 8, 317, 296]"
348,1,"[193, 9, 317, 297]"
349,1,"[198, 6, 321, 299]"
350,1,"[204, 7, 326, 293]"
351,1,"[217, 7, 329, 278]"
352,1,"[228, 8, 329, 258]"
353,1,"[237, 6, 343, 279]"
354,1,"[244, 7, 345, 272]"
355,1,"[247, 8, 364, 281]"
357,1,"[254, 8, 358, 256]"
358,1,"[256, 9, 362, 244]"
360,1,"[268, 6, 380, 237]"
361,1,"[275, 11, 381, 234]"
362,1,"[281, 14, 387, 238]"
363,1,"[283, 7, 390, 272]"
364,1,"[287, 9, 394, 254]"
365,1,"[290, 11, 397, 243]"
366,1,"[300, 12, 399, 253]"
367,1,"[303, 12, 400, 258]"
368,1,"[310, 10, 400, 270]"
369,1,"[316, 11, 401, 266]"
370,1,"[321, 10, 400, 268]"
371,1,"[332, 16, 399, 240]"
375,2,"[0, 77, 53, 259]"
376,2,"[1, 75, 55, 255]"
377,2,"[0, 79, 74, 251]"
379,2,"[0, 76, 87, 251]"
380,2,"[-1, 75, 87, 252]"
381,2,"[-1, 78, 86, 252]"
382,2,"[0, 79, 84, 252]"
383,2,"[1, 78, 86, 252]"
384,2,"[3, 77, 86, 250]"
385,2,"[8, 80, 92, 248]"
386,2,"[10, 80, 94, 248]"
387,2,"[16, 83, 92, 248]"
388,2,"[23, 75, 99, 244]"
389,2,"[27, 79, 102, 247]"
390,2,"[30, 83, 107, 248]"
391,2,"[32, 85, 111, 248]"
392,2,"[35, 83, 112, 246]"
393,2,"[36, 85, 113, 246]"
394,2,"[36, 85, 113, 245]"
395,2,"[37, 88, 113, 245]"
396,2,"[38, 90, 112, 243]"
397,2,"[39, 92, 112, 244]"
417,2,"[33, 91, 79, 222]"
418,2,"[32, 96, 80, 222]"
419,2,"[31, 84, 79, 218]"
420,2,"[28, 93, 78, 223]"
421,2,"[24, 95, 77, 226]"
422,2,"[23, 95, 77, 225]"
423,2,"[10, 85, 82, 229]"
427,2,"[1, 76, 81, 234]"
428,2,"[1, 75, 80, 235]"
429,2,"[0, 83, 75, 233]"
430,2,"[0, 82, 76, 233]"
570,2,"[0, 64, 44, 262]"
571,2,"[-1, 65, 51, 261]"
572,2,"[-1, 72, 67, 263]"
573,2,"[0, 73, 73, 262]"
574,2,"[0, 74, 77, 262]"
575,2,"[0, 68, 85, 258]"
576,2,"[0, 70, 84, 259]"
577,2,"[-1, 68, 90, 259]"
578,2,"[0, 68, 87, 259]"
579,2,"[8, 68, 80, 261]"
580,2,"[16, 70, 80, 263]"
581,2,"[19, 67, 83, 261]"
582,2,"[31, 67, 93, 261]"
583,2,"[36, 67, 99, 259]"
584,2,"[41, 68, 104, 264]"
585,2,"[43, 71, 109, 258]"
586,2,"[43, 64, 128, 259]"
587,2,"[42, 63, 138, 266]"
588,2,"[43, 68, 149, 266]"
589,2,"[44, 63, 155, 264]"
590,2,"[46, 71, 156, 266]"
591,2,"[45, 70, 153, 267]"
592,2,"[47, 67, 161, 267]"
593,2,"[48, 66, 166, 268]"
594,2,"[58, 70, 160, 262]"
595,2,"[71, 70, 161, 266]"
596,2,"[69, 67, 160, 266]"
597,2,"[96, 65, 169, 271]"
598,2,"[100, 68, 170, 274]"
599,2,"[106, 68, 172, 274]"
600,2,"[112, 65, 176, 276]"
601,2,"[118, 68, 188, 273]"
602,2,"[119, 67, 190, 272]"
603,2,"[119, 64, 194, 268]"
604,2,"[125, 60, 221, 266]"
604,5,"[0, 21, 80, 302]"
605,2,"[127, 65, 234, 272]"
605,5,"[-1, 19, 84, 298]"
606,2,"[125, 66, 236, 274]"
606,5,"[0, 18, 101, 293]"
607,2,"[131, 65, 239, 278]"
607,5,"[7, 17, 107, 297]"
608,2,"[135, 65, 238, 278]"
608,5,"[22, 14, 129, 301]"
609,2,"[142, 66, 240, 274]"
610,2,"[156, 66, 242, 277]"
611,2,"[166, 66, 246, 276]"
612,2,"[168, 63, 250, 281]"
613,2,"[173, 59, 257, 285]"
614,2,"[177, 60, 258, 285]"
615,2,"[180, 60, 260, 284]"
616,2,"[189, 60, 266, 290]"
617,2,"[191, 63, 269, 294]"
618,2,"[195, 60, 270, 284]"
619,2,"[196, 58, 275, 283]"
620,2,"[205, 59, 288, 291]"
621,2,"[208, 57, 300, 297]"
622,2,"[210, 56, 304, 296]"
623,2,"[209, 53, 307, 293]"
624,2,"[209, 61, 308, 292]"
625,2,"[219, 59, 318, 296]"
626,2,"[220, 60, 324, 295]"
626,5,"[215, 17, 323, 264]"
627,2,"[236, 64, 323, 296]"
627,5,"[221, 13, 338, 284]"
628,2,"[252, 58, 332, 298]"
628,5,"[219, 14, 345, 294]"
629,2,"[253, 57, 343, 305]"
629,5,"[238, 18, 358, 289]"
630,2,"[263, 55, 351, 302]"
630,5,"[231, 18, 382, 298]"
631,2,"[266, 50, 356, 294]"
631,5,"[241, 16, 394, 299]"
632,2,"[270, 48, 388, 300]"
632,5,"[264, 16, 398, 297]"
633,2,"[281, 58, 383, 293]"
633,5,"[274, 13, 398, 299]"
634,2,"[281, 56, 387, 292]"
634,5,"[300, 17, 399, 278]"
635,2,"[282, 55, 388, 292]"
636,2,"[281, 55, 398, 300]"
637,2,"[276, 50, 396, 298]"
638,2,"[282, 57, 398, 299]"
639,2,"[283, 59, 398, 298]"
640,2,"[289, 59, 398, 303]"
641,2,"[297, 58, 400, 303]"
643,2,"[349, 63, 401, 300]"
727,4,"[0, 54, 89, 300]"
728,4,"[2, 55, 101, 297]"
729,4,"[7, 56, 112, 292]"
730,4,"[9, 58, 118, 298]"
731,4,"[11, 58, 125, 293]"
732,4,"[17, 59, 131, 292]"
733,4,"[23, 63, 136, 285]"
734,4,"[25, 58, 142, 281]"
735,4,"[31, 67, 142, 295]"
736,4,"[35, 67, 146, 292]"
743,4,"[60, 64, 162, 283]"
744,4,"[62, 64, 164, 278]"
745,4,"[62, 67, 168, 279]"
760,4,"[128, 77, 221, 267]"
761,4,"[131, 75, 221, 265]"
762,4,"[132, 76, 222, 265]"
763,4,"[134, 79, 223, 263]"
764,4,"[139, 79, 223, 264]"
765,4,"[141, 79, 225, 264]"
766,3,"[14, 0, 117, 230]"
766,4,"[143, 79, 228, 263]"
767,4,"[145, 81, 229, 262]"
768,4,"[151, 83, 234, 250]"
769,4,"[152, 81, 236, 253]"
770,4,"[154, 81, 235, 254]"
771,4,"[156, 82, 236, 252]"
772,3,"[59, 8, 185, 239]"
772,4,"[158, 82, 237, 254]"
773,3,"[61, 6, 182, 243]"
773,4,"[160, 84, 242, 254]"
774,3,"[70, 0, 166, 239]"
774,4,"[162, 85, 242, 253]"
775,4,"[163, 86, 245, 252]"
776,4,"[163, 88, 248, 252]"
777,3,"[88, 0, 193, 241]"
777,4,"[165, 89, 248, 252]"
778,4,"[166, 89, 249, 251]"
779,4,"[167, 89, 251, 249]"
780,4,"[171, 88, 253, 248]"
781,4,"[175, 89, 250, 245]"
782,4,"[178, 90, 253, 243]"
783,4,"[183, 90, 253, 243]"
784,4,"[183, 89, 255, 244]"
785,4,"[187, 90, 257, 244]"
786,4,"[189, 89, 259, 245]"
787,3,"[161, 0, 264, 285]"
787,4,"[189, 89, 260, 244]"
788,3,"[166, 0, 270, 281]"
788,4,"[191, 90, 257, 243]"
789,3,"[175, 0, 284, 271]"
789,4,"[191, 90, 261, 242]"
790,4,"[192, 90, 264, 241]"
791,4,"[194, 91, 263, 242]"
792,3,"[195, 0, 310, 275]"
792,4,"[197, 90, 264, 241]"
793,4,"[200, 90, 265, 241]"
794,4,"[200, 90, 266, 241]"
795,3,"[203, 0, 350, 275]"
796,3,"[213, 0, 362, 273]"
797,3,"[221, 0, 372, 261]"
800,3,"[216, 1, 384, 272]"
801,4,"[198, 92, 272, 224]"
802,4,"[198, 91, 273, 225]"
803,3,"[231, 0, 395, 276]"
803,4,"[200, 94, 274, 227]"
804,3,"[242, 0, 395, 279]"
804,4,"[202, 93, 275, 226]"
805,4,"[203, 94, 275, 225]"
806,4,"[206, 94, 274, 226]"
807,4,"[206, 94, 274, 225]"
808,4,"[206, 96, 275, 223]"
809,4,"[209, 103, 272, 229]"
810,4,"[210, 102, 271, 233]"
811,4,"[212, 102, 272, 230]"
812,4,"[214, 102, 271, 228]"
813,4,"[214, 101, 273, 225]"
814,4,"[215, 101, 276, 222]"
815,4,"[215, 95, 274, 220]"
816,4,"[215, 101, 277, 221]"
817,4,"[217, 96, 278, 221]"
818,4,"[217, 96, 277, 220]"
819,4,"[218, 96, 279, 219]"
820,4,"[219, 97, 282, 218]"
821,4,"[222, 97, 284, 217]"
822,4,"[222, 97, 284, 215]"
823,4,"[224, 97, 286, 217]"
824,4,"[225, 97, 287, 217]"
825,4,"[224, 99, 286, 219]"
826,4,"[223, 102, 284, 224]"
829,4,"[224, 98, 287, 215]"
830,4,"[223, 98, 286, 218]"
831,4,"[224, 97, 287, 216]"
832,4,"[226, 95, 290, 215]"
833,4,"[227, 94, 291, 215]"
834,4,"[227, 96, 288, 217]"
835,4,"[228, 93, 290, 215]"
836,4,"[229, 98, 286, 224]"
837,4,"[230, 100, 285, 222]"
838,4,"[230, 98, 285, 220]"
839,4,"[232, 100, 283, 220]"
840,4,"[234, 101, 283, 220]"
841,4,"[234, 101, 283, 219]"
842,4,"[235, 101, 285, 217]"
843,4,"[236, 101, 285, 216]"
844,4,"[237, 101, 287, 214]"
845,4,"[237, 100, 289, 215]"
846,4,"[238, 100, 289, 218]"
847,4,"[238, 99, 290, 220]"
848,4,"[239, 99, 289, 219]"
849,4,"[238, 100, 290, 220]"
850,4,"[238, 100, 291, 220]"
851,4,"[239, 100, 291, 221]"
852,4,"[239, 103, 293, 221]"
853,4,"[238, 104, 295, 221]"
854,4,"[240, 103, 294, 219]"
855,4,"[240, 103, 295, 219]"
856,4,"[241, 103, 294, 219]"
857,4,"[242, 104, 295, 218]"
858,4,"[242, 105, 295, 217]"
859,4,"[242, 104, 295, 217]"
860,4,"[242, 105, 294, 213]"
861,4,"[242, 105, 293, 211]"
862,4,"[241, 106, 293, 212]"
863,4,"[242, 106, 293, 211]"
864,4,"[243, 103, 293, 212]"
865,4,"[245, 102, 292, 214]"
866,4,"[245, 101, 293, 212]"
867,4,"[245, 100, 293, 213]"
868,4,"[246, 101, 293, 213]"
869,4,"[246, 102, 292, 210]"
870,4,"[246, 103, 292, 209]"
871,4,"[247, 104, 291, 208]"
872,4,"[248, 104, 292, 208]"
873,4,"[249, 104, 292, 207]"
874,4,"[250, 105, 294, 207]"
875,4,"[251, 104, 294, 208]"
876,4,"[252, 105, 294, 208]"
877,4,"[252, 104, 295, 208]"
878,4,"[254, 103, 293, 209]"
879,4,"[252, 103, 295, 209]"
880,4,"[254, 102, 295, 211]"
881,4,"[254, 103, 295, 211]"
882,4,"[254, 103, 297, 211]"
883,4,"[254, 104, 299, 211]"
884,4,"[254, 105, 301, 210]"
885,4,"[254, 104, 302, 210]"
886,4,"[256, 105, 301, 210]"
887,4,"[255, 106, 301, 207]"
888,4,"[256, 106, 301, 206]"
889,4,"[256, 107, 301, 206]"
890,4,"[256, 106, 302, 206]"
891,4,"[258, 105, 302, 204]"
892,4,"[260, 105, 303, 203]"
893,4,"[260, 104, 304, 204]"
894,4,"[262, 105, 304, 204]"
895,4,"[262, 105, 304, 202]"
896,4,"[263, 106, 304, 202]"
897,4,"[264, 107, 304, 201]"
898,4,"[265, 108, 304, 202]"
899,4,"[266, 110, 304, 201]"
900,4,"[266, 109, 305, 200]"
901,4,"[267, 108, 305, 200]"
902,4,"[267, 108, 305, 200]"
903,4,"[268, 108, 307, 200]"
904,4,"[269, 108, 308, 199]"
905,4,"[270, 107, 309, 200]"
906,4,"[269, 107, 309, 200]"
907,4,"[269, 107, 310, 200]"
908,4,"[269, 108, 311, 201]"
909,4,"[270, 109, 311, 201]"
910,4,"[269, 109, 313, 200]"
911,4,"[271, 109, 312, 198]"
912,4,"[272, 110, 313, 199]"
913,4,"[272, 110, 313, 197]"
914,4,"[272, 110, 313, 197]"
915,4,"[271, 110, 312, 197]"
916,4,"[271, 111, 311, 196]"
917,4,"[271, 111, 310, 197]"
918,4,"[271, 109, 311, 197]"
919,4,"[272, 109, 312, 197]"
920,4,"[272, 109, 312, 198]"
921,4,"[273, 109, 311, 197]"
922,4,"[274, 109, 311, 197]"
923,4,"[274, 109, 312, 197]"
924,4,"[274, 110, 311, 197]"
925,4,"[274, 111, 312, 196]"
926,4,"[275, 112, 313, 196]"
927,4,"[276, 113, 313, 197]"
928,4,"[277, 110, 312, 197]"
929,4,"[277, 108, 312, 197]"
930,4,"[278, 108, 312, 195]"
931,4,"[278, 108, 313, 196]"
932,4,"[278, 108, 314, 195]"
933,4,"[278, 108, 314, 196]"
934,4,"[277, 108, 315, 195]"
935,4,"[277, 109, 315, 194]"
936,4,"[277, 109, 317, 194]"
939,4,"[279, 113, 317, 192]"
940,4,"[279, 113, 316, 191]"
943,4,"[279, 115, 316, 190]"
944,4,"[280, 115, 316, 190]"
945,4,"[280, 115, 316, 189]"
946,4,"[280, 115, 316, 190]"
947,4,"[281, 113, 315, 190]"
948,4,"[281, 110, 314, 190]"
949,4,"[280, 110, 314, 191]"
950,4,"[281, 109, 316, 191]"
951,4,"[281, 107, 316, 190]"
952,4,"[282, 107, 316, 190]"
953,4,"[283, 108, 317, 190]"
954,4,"[284, 108, 318, 190]"
955,4,"[284, 108, 318, 189]"
956,4,"[285, 110, 318, 189]"
959,4,"[286, 115, 322, 188]"
960,4,"[287, 117, 324, 186]"
961,4,"[288, 116, 324, 186]"
963,4,"[288, 118, 324, 187]"
973,4,"[288, 117, 325, 185]"
974,4,"[288, 118, 326, 185]"
976,4,"[289, 116, 327, 185]"
979,4,"[291, 116, 327, 185]"
980,4,"[291, 117, 327, 185]"
981,4,"[290, 118, 328, 186]"
982,4,"[291, 117, 328, 186]"
983,4,"[291, 116, 328, 186]"
984,4,"[292, 116, 327, 187]"
985,4,"[292, 116, 328, 187]"
986,4,"[293, 117, 328, 186]"
987,4,"[294, 117, 328, 186]"
988,4,"[294, 115, 328, 186]"
989,4,"[294, 115, 328, 187]"
990,4,"[294, 116, 327, 186]"
991,4,"[294, 116, 328, 186]"
992,4,"[294, 117, 327, 185]"
993,4,"[293, 116, 328, 185]"
994,4,"[294, 115, 327, 184]"
1002,4,"[296, 117, 327, 184]"
1003,4,"[295, 117, 327, 184]"
1004,4,"[296, 115, 327, 183]"
1005,4,"[297, 115, 328, 183]"
1006,4,"[297, 115, 328, 183]"
1007,4,"[297, 114, 329, 183]"
1008,4,"[297, 114, 328, 182]"
1009,4,"[298, 115, 328, 182]"
1010,4,"[298, 116, 328, 182]"
1011,4,"[298, 118, 328, 183]"
1012,4,"[299, 119, 328, 183]"
1013,4,"[300, 119, 328, 181]"
1014,4,"[300, 118, 328, 182]"
1015,4,"[300, 119, 328, 182]"
1167,2,"[309, 42, 402, 298]"
1168,2,"[310, 44, 400, 298]"
1169,2,"[316, 51, 400, 295]"
1170,2,"[313, 54, 400, 297]"
1171,2,"[312, 54, 399, 298]"
1172,2,"[302, 58, 399, 302]"
1173,2,"[297, 55, 392, 297]"
1173,4,"[286, 119, 319, 184]"
1174,2,"[294, 53, 390, 297]"
1174,4,"[285, 117, 318, 184]"
1175,2,"[289, 53, 382, 296]"
1175,4,"[285, 117, 318, 184]"
1176,3,"[274, 1, 395, 271]"
1176,4,"[284, 118, 318, 184]"
1177,2,"[270, 52, 356, 302]"
1178,2,"[262, 53, 352, 302]"
1178,3,"[271, 2, 392, 273]"
1178,4,"[282, 116, 317, 183]"
1179,2,"[245, 50, 352, 301]"
1179,3,"[264, 2, 384, 275]"
1179,4,"[282, 115, 317, 183]"
1180,2,"[220, 52, 355, 298]"
1180,3,"[246, 2, 374, 277]"
1180,4,"[282, 116, 317, 183]"
1181,2,"[208, 54, 352, 296]"
1181,3,"[223, 0, 370, 274]"
1181,4,"[282, 116, 317, 183]"
1182,2,"[196, 56, 358, 291]"
1182,3,"[223, 0, 362, 274]"
1182,4,"[282, 115, 316, 184]"
1183,2,"[192, 56, 353, 299]"
1183,3,"[221, 5, 360, 274]"
1183,4,"[283, 115, 316, 185]"
1184,2,"[190, 53, 345, 299]"
1184,3,"[219, 3, 346, 271]"
1184,4,"[283, 114, 316, 185]"
1185,2,"[191, 54, 336, 298]"
1185,3,"[206, 3, 342, 265]"
1185,4,"[283, 115, 316, 184]"
1186,2,"[187, 54, 323, 295]"
1186,3,"[196, 1, 337, 271]"
1186,4,"[283, 117, 316, 186]"
1187,2,"[189, 56, 317, 297]"
1187,3,"[178, 0, 334, 272]"
1187,4,"[283, 117, 317, 186]"
1188,2,"[183, 58, 262, 291]"
1188,3,"[184, 0, 326, 271]"
1188,4,"[283, 116, 316, 185]"
1189,2,"[178, 62, 258, 282]"
1189,4,"[283, 115, 316, 185]"
1190,2,"[168, 68, 255, 291]"
1190,4,"[282, 116, 316, 185]"
1191,2,"[161, 67, 249, 295]"
1191,3,"[167, 3, 311, 270]"
1191,4,"[282, 117, 316, 185]"
1192,2,"[151, 58, 240, 274]"
1192,3,"[141, 2, 303, 268]"
1192,4,"[282, 117, 316, 185]"
1193,2,"[150, 56, 235, 288]"
1193,3,"[147, 6, 299, 269]"
1193,4,"[282, 117, 316, 184]"
1194,2,"[142, 55, 231, 294]"
1194,3,"[149, 0, 268, 266]"
1194,4,"[283, 116, 316, 184]"
1195,2,"[126, 60, 228, 292]"
1195,4,"[282, 117, 317, 184]"
1196,4,"[283, 116, 316, 184]"
1197,2,"[70, 59, 221, 295]"
1197,4,"[283, 115, 315, 185]"
1198,2,"[71, 57, 223, 297]"
1198,4,"[284, 114, 315, 184]"
1199,2,"[62, 60, 226, 297]"
1199,4,"[283, 113, 315, 185]"
1200,2,"[60, 60, 226, 296]"
1200,4,"[282, 114, 314, 185]"
1201,2,"[57, 57, 217, 292]"
1201,4,"[282, 116, 315, 185]"
1202,2,"[56, 59, 208, 292]"
1202,3,"[11, 7, 192, 253]"
1202,4,"[281, 116, 315, 185]"
1203,2,"[59, 58, 170, 295]"
1203,4,"[280, 115, 314, 186]"
1204,2,"[59, 59, 155, 297]"
1204,4,"[281, 115, 315, 186]"
1205,2,"[56, 53, 146, 291]"
1205,4,"[281, 114, 314, 186]"
1206,2,"[57, 47, 141, 292]"
1206,4,"[279, 116, 314, 187]"
1207,2,"[55, 53, 131, 289]"
1207,4,"[279, 115, 314, 188]"
1208,2,"[49, 50, 126, 287]"
1208,4,"[278, 116, 311, 187]"
1209,4,"[278, 115, 310, 187]"
1210,2,"[36, 52, 109, 288]"
1210,4,"[278, 116, 310, 189]"
1211,2,"[26, 61, 109, 289]"
1211,4,"[278, 115, 311, 189]"
1212,2,"[10, 60, 108, 280]"
1212,4,"[277, 115, 311, 189]"
1213,2,"[2, 45, 112, 288]"
1214,2,"[1, 42, 114, 289]"
1215,2,"[0, 54, 112, 291]"
1216,2,"[1, 53, 110, 291]"
1217,2,"[1, 57, 108, 292]"
1218,2,"[0, 59, 104, 293]"
1218,4,"[277, 116, 311, 190]"
1219,2,"[0, 55, 100, 293]"
1219,4,"[276, 115, 310, 191]"
1220,4,"[277, 116, 310, 191]"
1222,4,"[276, 115, 314, 192]"
1224,4,"[275, 112, 312, 192]"
1225,4,"[275, 112, 312, 192]"
1226,4,"[274, 112, 312, 192]"
1227,4,"[274, 114, 312, 192]"
1228,4,"[274, 115, 313, 192]"
1229,4,"[274, 113, 312, 192]"
1230,4,"[274, 115, 311, 192]"
1231,4,"[276, 116, 308, 191]"
1232,4,"[276, 118, 307, 190]"
1233,4,"[276, 117, 306, 191]"
1234,4,"[276, 118, 305, 191]"
1235,4,"[276, 117, 305, 190]"
1236,4,"[275, 118, 304, 190]"
1237,4,"[275, 117, 305, 191]"
1238,4,"[273, 115, 305, 192]"
1239,4,"[274, 115, 305, 191]"
1240,4,"[274, 114, 305, 192]"
1241,4,"[274, 113, 305, 192]"
1242,4,"[273, 113, 306, 194]"
1243,4,"[272, 112, 307, 195]"
1244,4,"[272, 113, 307, 193]"
1245,4,"[271, 112, 307, 194]"
1246,4,"[271, 113, 307, 195]"
1247,4,"[272, 115, 307, 195]"
1248,4,"[273, 115, 306, 194]"
1249,4,"[273, 115, 305, 193]"
1250,4,"[273, 114, 305, 194]"
1251,4,"[272, 114, 306, 194]"
1252,4,"[272, 113, 307, 195]"
1253,4,"[270, 113, 307, 194]"
1254,4,"[269, 112, 308, 195]"
1255,4,"[269, 111, 308, 196]"
1256,4,"[271, 112, 306, 195]"
1257,4,"[269, 111, 308, 199]"
1258,4,"[269, 110, 307, 197]"
1259,4,"[269, 110, 306, 198]"
1260,4,"[269, 111, 305, 196]"
1261,4,"[267, 110, 304, 197]"
1262,4,"[267, 110, 303, 197]"
1263,4,"[267, 109, 303, 199]"
1264,4,"[267, 109, 302, 198]"
1265,4,"[266, 109, 302, 198]"
1266,4,"[263, 109, 301, 199]"
1267,4,"[262, 109, 298, 199]"
1268,4,"[259, 109, 297, 200]"
1269,4,"[259, 111, 295, 200]"
1270,4,"[257, 110, 295, 201]"
1271,4,"[257, 109, 295, 201]"
1272,4,"[255, 109, 296, 203]"
1273,4,"[254, 108, 297, 205]"
1274,4,"[254, 109, 298, 205]"
1275,4,"[253, 110, 296, 205]"
1276,4,"[251, 110, 296, 203]"
1277,4,"[250, 111, 295, 204]"
1278,4,"[250, 110, 294, 206]"
1279,4,"[250, 110, 294, 206]"
1280,4,"[249, 108, 294, 205]"
1281,4,"[248, 107, 294, 207]"
1282,4,"[246, 108, 293, 207]"
1283,4,"[246, 108, 294, 207]"
1284,4,"[246, 107, 294, 207]"
1285,4,"[245, 107, 292, 208]"
1286,4,"[245, 106, 291, 206]"
1287,4,"[245, 106, 290, 206]"
1288,4,"[245, 106, 289, 207]"
1289,4,"[245, 107, 288, 206]"
1290,4,"[245, 107, 288, 205]"
1291,4,"[245, 107, 287, 207]"
1292,4,"[245, 107, 287, 208]"
1293,4,"[245, 109, 286, 205]"
1294,4,"[244, 109, 286, 208]"
1295,4,"[243, 108, 284, 206]"
1296,4,"[241, 108, 283, 206]"
1297,4,"[239, 106, 283, 208]"
1298,4,"[237, 106, 282, 207]"
1299,4,"[236, 105, 280, 206]"
1300,4,"[234, 104, 280, 207]"
1301,4,"[234, 103, 280, 208]"
1302,4,"[233, 105, 280, 208]"
1303,4,"[232, 104, 279, 210]"
1304,4,"[232, 104, 279, 210]"
1305,4,"[231, 103, 279, 212]"
1306,4,"[226, 105, 277, 209]"
1307,4,"[226, 105, 276, 210]"
1308,4,"[225, 104, 276, 212]"
1309,4,"[226, 103, 276, 214]"
1310,4,"[224, 104, 276, 212]"
1311,4,"[223, 104, 276, 212]"
1312,4,"[222, 103, 275, 214]"
1313,4,"[224, 104, 275, 213]"
1314,4,"[222, 102, 275, 212]"
1315,4,"[223, 104, 274, 211]"
1316,4,"[222, 101, 273, 212]"
1317,4,"[222, 103, 272, 211]"
1318,4,"[223, 102, 270, 213]"
1319,4,"[223, 99, 269, 213]"
1320,4,"[222, 100, 269, 214]"
1321,4,"[222, 102, 269, 214]"
1322,4,"[221, 102, 269, 217]"
1323,4,"[220, 101, 268, 217]"
1324,4,"[219, 101, 267, 217]"
1325,4,"[219, 100, 267, 215]"
1326,4,"[217, 101, 266, 214]"
1327,4,"[216, 100, 264, 215]"
1328,4,"[214, 101, 263, 215]"
1329,4,"[213, 100, 261, 215]"
1330,4,"[212, 99, 260, 216]"
1331,4,"[212, 99, 261, 217]"
1332,4,"[210, 99, 262, 218]"
1333,4,"[209, 99, 262, 220]"
1337,4,"[199, 99, 259, 220]"
1338,4,"[199, 100, 258, 221]"
1339,4,"[198, 99, 258, 222]"
1340,4,"[197, 99, 258, 221]"
1341,4,"[196, 100, 258, 221]"
1342,4,"[195, 100, 257, 223]"
1343,4,"[195, 94, 255, 225]"
1344,4,"[194, 101, 257, 225]"
1345,4,"[195, 98, 255, 221]"
1346,4,"[195, 98, 254, 223]"
1347,4,"[195, 97, 252, 224]"
1348,4,"[194, 97, 252, 221]"
1349,4,"[193, 99, 251, 224]"
1350,4,"[194, 98, 248, 221]"
1351,4,"[194, 102, 248, 222]"
1352,4,"[192, 102, 247, 223]"
1353,4,"[193, 100, 247, 227]"
1354,4,"[192, 100, 245, 228]"
1355,4,"[192, 99, 244, 230]"
1356,4,"[189, 98, 244, 231]"
1357,4,"[190, 98, 241, 225]"
1358,4,"[183, 92, 243, 232]"
1359,4,"[183, 91, 243, 233]"
1360,4,"[180, 91, 243, 232]"
1361,4,"[178, 90, 242, 233]"
1362,4,"[177, 90, 243, 232]"
1363,4,"[175, 90, 243, 235]"
1364,4,"[172, 90, 244, 237]"
1365,4,"[170, 90, 243, 235]"
1366,4,"[169, 90, 243, 232]"
1367,1,"[264, 1, 394, 284]"
1367,4,"[168, 90, 238, 235]"
1368,1,"[263, 0, 383, 287]"
1368,4,"[169, 91, 238, 239]"
1369,1,"[247, 1, 370, 291]"
1369,4,"[167, 92, 238, 240]"
1370,1,"[236, 4, 367, 294]"
1370,4,"[166, 92, 236, 241]"
1371,1,"[228, 0, 348, 299]"
1371,4,"[166, 90, 236, 242]"
1372,1,"[219, 0, 343, 300]"
1372,4,"[166, 90, 235, 242]"
1373,4,"[166, 90, 235, 242]"
1374,4,"[165, 90, 236, 242]"
1375,4,"[163, 89, 235, 242]"
1376,4,"[164, 89, 235, 242]"
1377,1,"[167, 0, 296, 300]"
1377,4,"[164, 89, 233, 243]"
1378,1,"[139, 1, 287, 297]"
1378,4,"[165, 90, 232, 244]"
1379,1,"[128, 1, 285, 296]"
1379,4,"[164, 89, 230, 244]"
1380,1,"[120, 1, 284, 295]"
1380,4,"[163, 89, 230, 245]"
1381,1,"[109, 4, 283, 295]"
1382,1,"[105, 5, 287, 296]"
1383,1,"[98, 5, 285, 297]"
1383,4,"[152, 88, 219, 254]"
1384,1,"[84, 6, 281, 298]"
1384,4,"[149, 89, 218, 252]"
1385,1,"[82, 6, 267, 299]"
1385,4,"[147, 87, 217, 253]"
1386,1,"[76, 7, 271, 298]"
1387,1,"[61, 0, 191, 296]"
1389,4,"[135, 81, 210, 255]"
1390,4,"[134, 79, 208, 254]"
1391,1,"[10, 4, 149, 296]"
1391,4,"[132, 79, 208, 255]"
1392,1,"[9, 3, 141, 297]"
1392,4,"[125, 81, 205, 260]"
1393,1,"[5, 3, 136, 296]"
1393,4,"[121, 81, 205, 259]"
1394,1,"[0, 3, 129, 297]"
1394,4,"[121, 83, 203, 261]"
1395,1,"[0, 3, 114, 299]"
1395,4,"[117, 86, 201, 257]"
1396,1,"[0, 4, 106, 301]"
1396,4,"[116, 86, 201, 257]"
1397,1,"[-1, 1, 99, 301]"
1397,4,"[114, 87, 200, 259]"
1407,4,"[89, 75, 178, 270]"
1410,4,"[81, 73, 171, 271]"
1411,4,"[79, 76, 168, 269]"
1413,4,"[73, 73, 163, 277]"
1416,4,"[60, 64, 154, 280]"
1417,4,"[55, 62, 149, 280]"
1418,4,"[48, 61, 149, 281]"
1419,4,"[39, 61, 148, 286]"
1420,4,"[37, 61, 143, 290]"
1421,4,"[28, 68, 140, 281]"
1422,4,"[21, 68, 138, 280]"
1423,4,"[16, 68, 141, 286]"
1424,4,"[13, 70, 135, 288]"
1425,4,"[9, 70, 131, 295]"
1426,4,"[7, 65, 124, 294]"
1427,4,"[6, 68, 123, 292]"
1428,4,"[5, 63, 122, 295]"
1429,4,"[5, 61, 121, 297]"
1430,4,"[3, 61, 117, 298]"
1431,4,"[6, 56, 114, 296]"
1432,4,"[5, 55, 113, 297]"
1433,4,"[2, 54, 105, 295]"
1434,4,"[2, 52, 104, 296]"
1520,5,"[164, 6, 392, 302]"
1521,5,"[145, 3, 393, 298]"
1524,5,"[119, 4, 339, 298]"
1525,5,"[106, 5, 338, 299]"
1526,5,"[94, 5, 305, 298]"
1527,5,"[81, 4, 297, 298]"
1528,5,"[70, 4, 288, 298]"
1539,5,"[-2, 4, 166, 299]"
1540,5,"[0, 3, 163, 300]"
1541,5,"[-1, 6, 154, 299]"
1542,5,"[-2, 5, 151, 300]"
1543,5,"[0, 4, 151, 301]"
1544,5,"[-1, 4, 151, 299]"
1545,5,"[0, 4, 149, 299]"
1546,5,"[0, 5, 148, 299]"
1547,5,"[0, 8, 147, 299]"
1548,5,"[0, 10, 142, 298]"
1549,5,"[0, 12, 139, 297]"
1550,5,"[-2, 17, 134, 298]"
1551,5,"[-2, 21, 132, 298]"
1552,5,"[-1, 23, 129, 298]"
1553,5,"[-1, 24, 129, 299]"
1554,5,"[0, 27, 126, 299]"
1555,5,"[-1, 29, 126, 299]"
1556,5,"[0, 29, 123, 299]"
1557,5,"[0, 29, 123, 300]"
1558,5,"[0, 27, 123, 298]"
1559,5,"[1, 28, 121, 299]"
1560,5,"[0, 30, 120, 297]"
1561,5,"[0, 29, 117, 299]"
1562,5,"[0, 30, 114, 298]"
1563,5,"[0, 30, 114, 298]"
1564,5,"[0, 32, 113, 298]"
1565,5,"[1, 36, 113, 297]"
1566,5,"[1, 37, 112, 297]"
1567,5,"[0, 42, 107, 298]"
1568,5,"[0, 44, 107, 295]"
1569,5,"[0, 45, 106, 296]"
1570,5,"[0, 43, 105, 292]"
1571,5,"[0, 43, 106, 294]"
1572,5,"[0, 44, 105, 294]"
1573,5,"[0, 44, 106, 293]"
1574,5,"[0, 44, 106, 292]"
1575,5,"[0, 43, 106, 292]"
1576,5,"[1, 44, 104, 292]"
1577,5,"[1, 45, 104, 291]"
1578,5,"[1, 46, 105, 291]"
1579,5,"[0, 48, 105, 291]"
1580,5,"[0, 50, 106, 291]"
1581,5,"[0, 50, 107, 290]"
1582,5,"[0, 52, 108, 291]"
1583,5,"[1, 52, 108, 291]"
1584,5,"[2, 54, 109, 291]"
1585,5,"[2, 54, 112, 291]"
1586,5,"[4, 54, 112, 291]"
1587,5,"[6, 52, 111, 289]"
1588,5,"[6, 53, 110, 289]"
1589,5,"[7, 52, 111, 285]"
1590,5,"[8, 52, 111, 283]"
1591,5,"[10, 58, 112, 276]"
1592,5,"[10, 59, 114, 277]"
1593,5,"[11, 60, 115, 275]"
1594,5,"[11, 57, 115, 275]"
1595,5,"[13, 60, 115, 275]"
1596,5,"[14, 57, 111, 274]"
1597,5,"[17, 56, 111, 274]"
1598,5,"[15, 57, 110, 266]"
1599,5,"[17, 59, 109, 264]"
1600,5,"[17, 60, 108, 264]"
1601,5,"[17, 61, 106, 265]"
1602,5,"[17, 61, 106, 263]"
1603,5,"[15, 61, 106, 265]"
1604,5,"[17, 60, 106, 267]"
1605,0,"[341, 60, 399, 295]"
1605,5,"[15, 61, 106, 266]"
1606,0,"[340, 60, 399, 294]"
1606,5,"[16, 60, 105, 265]"
1607,0,"[334, 61, 398, 293]"
1607,5,"[16, 62, 106, 266]"
1608,0,"[333, 62, 399, 288]"
1608,5,"[17, 61, 106, 266]"
1609,0,"[329, 62, 399, 286]"
1609,5,"[17, 61, 106, 267]"
1610,0,"[327, 62, 398, 287]"
1610,5,"[16, 63, 105, 266]"
1611,0,"[322, 60, 398, 291]"
1611,5,"[16, 64, 105, 265]"
1612,0,"[320, 56, 394, 285]"
1612,5,"[17, 65, 105, 264]"
1613,0,"[316, 57, 390, 276]"
1613,5,"[17, 67, 104, 265]"
1614,0,"[310, 59, 385, 274]"
1614,5,"[17, 68, 105, 263]"
1615,0,"[303, 57, 384, 274]"
1615,5,"[18, 70, 105, 263]"
1616,0,"[299, 55, 380, 266]"
1616,5,"[19, 72, 105, 262]"
1617,0,"[294, 57, 379, 264]"
1617,5,"[20, 72, 105, 262]"
1618,0,"[292, 57, 374, 266]"
1618,5,"[21, 72, 105, 260]"
1619,0,"[290, 59, 370, 266]"
1619,5,"[21, 73, 106, 259]"
1620,0,"[283, 58, 368, 268]"
1620,5,"[22, 73, 108, 259]"
1621,0,"[264, 57, 367, 268]"
1621,5,"[22, 72, 109, 255]"
1622,0,"[262, 59, 365, 266]"
1622,5,"[23, 73, 108, 253]"
1623,0,"[260, 60, 362, 265]"
1623,5,"[23, 72, 109, 253]"
1624,0,"[255, 65, 361, 268]"
1624,5,"[23, 71, 109, 252]"
1625,0,"[250, 63, 361, 270]"
1625,5,"[25, 72, 109, 251]"
1626,0,"[246, 59, 358, 271]"
1626,5,"[26, 72, 110, 251]"
1627,0,"[246, 64, 360, 272]"
1627,5,"[26, 72, 109, 251]"
1628,0,"[245, 61, 351, 273]"
1628,5,"[26, 73, 108, 251]"
1629,0,"[241, 59, 354, 278]"
1629,5,"[26, 74, 107, 250]"
1630,0,"[236, 60, 347, 287]"
1630,5,"[27, 75, 107, 250]"
1631,0,"[229, 61, 335, 290]"
1631,5,"[27, 75, 107, 250]"
1632,0,"[223, 60, 321, 293]"
1632,5,"[27, 75, 106, 250]"
1633,0,"[220, 53, 312, 280]"
1633,5,"[27, 77, 105, 248]"
1634,0,"[216, 50, 307, 281]"
1634,5,"[25, 77, 103, 246]"
1635,0,"[210, 53, 300, 285]"
1635,5,"[24, 77, 103, 245]"
1636,0,"[206, 56, 291, 266]"
1636,5,"[23, 77, 102, 243]"
1637,0,"[205, 55, 289, 268]"
1637,5,"[23, 77, 103, 242]"
1638,5,"[24, 78, 103, 241]"
1639,5,"[25, 78, 103, 241]"
1640,0,"[184, 57, 279, 273]"
1640,5,"[25, 77, 103, 241]"
1641,0,"[176, 58, 278, 268]"
1641,5,"[26, 78, 103, 241]"
1642,0,"[173, 56, 279, 288]"
1642,5,"[25, 77, 101, 241]"
1643,0,"[168, 57, 278, 287]"
1643,5,"[25, 79, 101, 242]"
1644,0,"[164, 57, 280, 287]"
1644,5,"[26, 80, 101, 241]"
1645,0,"[147, 55, 287, 292]"
1645,5,"[27, 80, 101, 242]"
1646,0,"[147, 56, 271, 287]"
1646,5,"[28, 80, 101, 242]"
1647,0,"[145, 55, 253, 290]"
1647,5,"[30, 82, 102, 242]"
1648,0,"[137, 54, 238, 290]"
1648,5,"[30, 82, 102, 241]"
1649,0,"[131, 52, 235, 294]"
1649,5,"[32, 82, 101, 240]"
1650,0,"[133, 54, 237, 286]"
1650,5,"[33, 84, 103, 240]"
1651,0,"[125, 53, 228, 290]"
1651,5,"[33, 84, 103, 238]"
1652,0,"[120, 53, 222, 293]"
1652,5,"[35, 84, 103, 231]"
1653,0,"[119, 53, 217, 290]"
1653,5,"[35, 82, 103, 231]"
1654,5,"[35, 83, 103, 231]"
1655,0,"[98, 52, 208, 292]"
1655,5,"[35, 83, 103, 233]"
1656,0,"[96, 43, 199, 294]"
1656,5,"[35, 84, 104, 235]"
1657,0,"[91, 44, 196, 296]"
1657,5,"[36, 83, 104, 232]"
1658,0,"[81, 45, 189, 294]"
1658,5,"[36, 82, 103, 232]"
1659,0,"[79, 45, 186, 294]"
1659,5,"[36, 82, 104, 232]"
1660,0,"[61, 46, 186, 295]"
1660,5,"[37, 82, 103, 232]"
1661,0,"[54, 45, 179, 291]"
1661,5,"[37, 81, 101, 236]"
1662,0,"[52, 46, 177, 294]"
1662,5,"[36, 83, 103, 234]"
1663,0,"[46, 47, 175, 295]"
1663,5,"[35, 83, 103, 234]"
1664,0,"[35, 49, 187, 295]"
1664,5,"[35, 83, 101, 232]"
1665,0,"[30, 47, 182, 295]"
1665,5,"[34, 82, 99, 231]"
1666,0,"[23, 47, 188, 296]"
1666,5,"[34, 82, 99, 228]"
1667,0,"[20, 52, 159, 295]"
1667,5,"[33, 84, 99, 225]"
1668,0,"[4, 49, 155, 295]"
1668,5,"[33, 83, 101, 223]"
1669,0,"[0, 49, 148, 297]"
1669,5,"[33, 83, 102, 222]"
1670,0,"[0, 51, 121, 299]"
1670,5,"[34, 84, 102, 221]"
1671,0,"[3, 44, 112, 298]"
1671,5,"[38, 87, 100, 214]"
1672,0,"[1, 46, 105, 298]"
1672,5,"[37, 87, 99, 212]"
1673,0,"[0, 46, 96, 297]"
1673,5,"[38, 88, 98, 212]"
1674,0,"[1, 42, 88, 299]"
1674,5,"[38, 88, 99, 216]"
1675,5,"[39, 88, 99, 215]"
1676,5,"[39, 88, 98, 215]"
1677,5,"[38, 89, 98, 214]"
1678,5,"[39, 88, 99, 220]"
1679,5,"[40, 88, 99, 220]"
1680,5,"[39, 87, 101, 222]"
1681,5,"[39, 88, 102, 224]"
1682,5,"[41, 88, 103, 226]"
1683,5,"[41, 87, 103, 225]"
1684,5,"[43, 85, 105, 226]"
1685,5,"[44, 85, 105, 223]"
1686,5,"[45, 84, 105, 222]"
1687,5,"[45, 84, 105, 220]"
1688,5,"[45, 86, 105, 219]"
1689,5,"[45, 91, 106, 220]"
1690,5,"[47, 91, 106, 218]"
1691,5,"[48, 91, 106, 216]"
1692,5,"[48, 91, 106, 216]"
1693,5,"[48, 91, 106, 215]"
1694,5,"[48, 89, 106, 214]"
1695,5,"[49, 90, 106, 214]"
1696,5,"[48, 89, 107, 214]"
1697,5,"[48, 90, 108, 214]"
1698,5,"[48, 87, 108, 215]"
1700,5,"[49, 87, 108, 218]"
1708,5,"[50, 88, 107, 213]"
1710,5,"[50, 87, 108, 212]"
1714,5,"[51, 88, 107, 209]"
1715,5,"[51, 88, 106, 208]"
1716,5,"[51, 88, 106, 212]"
1717,5,"[52, 87, 106, 213]"
1722,5,"[62, 86, 111, 219]"
1723,5,"[63, 87, 111, 218]"
1728,5,"[62, 85, 114, 222]"
1729,5,"[62, 85, 117, 222]"
1731,5,"[62, 84, 114, 220]"
1732,5,"[62, 84, 114, 220]"
1750,5,"[58, 83, 112, 208]"
1751,5,"[59, 84, 113, 208]"
1752,5,"[59, 84, 114, 208]"
1753,5,"[60, 84, 115, 212]"
1754,5,"[61, 85, 118, 210]"
1755,5,"[61, 85, 119, 210]"
1756,5,"[62, 85, 121, 210]"
1757,5,"[63, 84, 121, 213]"
1758,5,"[64, 85, 122, 217]"
1759,5,"[63, 84, 122, 221]"
1760,5,"[63, 84, 121, 219]"
1761,5,"[62, 83, 121, 212]"
1762,5,"[62, 83, 121, 209]"
1763,5,"[63, 83, 121, 210]"
1764,5,"[62, 84, 121, 211]"
1765,5,"[59, 82, 123, 228]"
1766,5,"[59, 82, 123, 228]"
1767,5,"[56, 83, 122, 230]"
1768,5,"[53, 83, 122, 231]"
1769,5,"[50, 84, 121, 231]"
1770,5,"[49, 82, 118, 233]"
1771,5,"[45, 85, 110, 228]"
1772,5,"[44, 85, 111, 228]"
1773,5,"[43, 85, 109, 229]"
1774,5,"[41, 84, 109, 228]"
1775,5,"[39, 83, 108, 228]"
1776,5,"[39, 83, 109, 230]"
1777,5,"[38, 81, 110, 233]"
1778,5,"[37, 81, 108, 234]"
1779,5,"[38, 80, 110, 238]"
1780,5,"[37, 79, 111, 239]"
1781,5,"[38, 80, 110, 241]"
1782,5,"[37, 80, 109, 240]"
1783,5,"[37, 80, 108, 240]"
1784,5,"[35, 81, 108, 240]"
1785,5,"[36, 81, 108, 242]"
1786,5,"[36, 81, 107, 242]"
1787,5,"[36, 79, 109, 242]"
1788,5,"[36, 76, 108, 243]"
1789,5,"[32, 74, 110, 243]"
1790,5,"[30, 73, 110, 244]"
1791,5,"[26, 73, 108, 245]"
1792,5,"[24, 72, 107, 245]"
1793,5,"[21, 72, 107, 244]"
1794,5,"[20, 73, 106, 245]"
1795,5,"[19, 73, 105, 247]"
1796,5,"[18, 74, 104, 248]"
1797,5,"[18, 74, 104, 248]"
1798,5,"[18, 74, 103, 250]"
1799,5,"[17, 74, 100, 251]"
