0,53,0,-2,100,0,0,0,0,0
0,54,0,-2,100,0,0,0,0,0
0,55,9,18,100,0,0,0,0,0
0,56,9,-30,100,0,0,0,0,0
0,57,4,9,100,0,0,0,0,0
0,58,5,16,100,0,0,0,0,0
0,59,6,-3,100,0,0,0,0,0
0,60,19,1,100,0,0,0,0,0
0,61,12,-3,100,0,0,0,0,0
0,62,11,5,100,0,0,0,0,0
0,63,6,0,100,0,0,0,0,0
0,64,16,7,100,0,0,0,0,0
0,65,10,-6,100,0,0,0,0,0
0,66,4,0,100,0,0,0,0,0
0,69,7,-12,100,0,0,0,0,0
0,70,4,-4,100,0,0,0,0,0
0,71,0,0,100,0,0,0,0,0
0,72,0,-3,100,0,0,0,0,0
0,73,15,12,100,0,0,0,0,0
0,74,9,-2,100,0,0,0,0,0
0,75,3,-7,100,0,0,0,0,0
0,76,-9,-7,100,0,0,0,0,0
0,77,2,2,100,0,0,0,0,0
0,78,-3,-2,100,0,0,0,0,0
0,79,35,9,100,0,0,0,0,0
0,80,-1,-9,100,0,0,0,0,0
0,81,15,-1,100,0,0,0,0,0
0,82,22,0,100,0,0,0,0,0
0,83,26,16,100,0,0,0,0,0
0,84,6,-28,100,2,0,0,0,0
0,85,-5,19,100,7,0,0,0,0
0,86,16,2,100,10,0,0,0,0
0,87,3,8,100,10,0,0,0,0
0,88,2,-9,100,12,0,0,0,0
0,89,20,7,100,18,0,0,0,0
0,90,6,0,100,19,0,0,0,0
0,91,2,-2,100,20,0,0,0,0
0,92,1,7,100,21,0,0,0,0
0,93,5,-2,100,23,0,0,0,0
0,94,-1,-9,100,24,0,0,0,0
0,95,21,9,100,29,0,0,0,0
0,96,2,-2,100,30,0,0,0,0
0,97,-1,-3,100,30,0,0,0,0
0,98,4,-1,100,32,0,0,0,0
0,99,23,-9,100,34,0,0,0,0
0,100,4,6,100,35,0,0,0,0
0,101,13,10,100,38,0,0,0,0
0,102,2,-6,100,38,0,0,0,0
0,103,6,-2,100,39,0,0,0,0
0,104,7,2,100,41,0,0,0,0
0,105,6,5,100,43,0,0,0,0
0,106,6,-1,100,44,0,0,0,0
0,107,5,4,100,45,0,0,0,0
0,108,0,-6,100,46,0,0,0,0
0,109,9,0,100,49,0,0,0,0
0,110,5,3,100,51,0,0,0,0
0,111,3,7,100,52,0,0,0,0
0,112,7,-2,100,55,0,0,0,0
0,113,0,-5,100,56,0,0,0,0
0,114,14,-3,100,60,0,0,0,0
0,115,3,-1,100,62,0,0,0,0
0,116,9,-2,100,64,0,0,0,0
0,117,6,-5,100,66,0,0,0,0
0,118,6,10,100,71,0,0,0,0
0,119,6,4,100,70,0,0,0,0
0,120,-2,-6,100,72,0,0,0,0
0,121,7,10,100,72,0,0,0,0
0,122,3,-2,100,73,0,0,0,0
0,123,6,-9,100,74,0,0,0,0
0,124,9,9,100,76,0,0,0,0
0,125,2,13,100,76,0,0,0,0
0,126,2,-4,100,77,0,0,0,0
0,127,13,-7,100,79,0,0,0,0
0,128,1,-2,100,80,0,0,0,0
0,129,5,2,100,81,0,0,0,0
0,130,2,3,100,82,0,0,0,0
0,131,5,3,100,83,0,0,0,0
0,132,4,2,100,84,0,0,0,0
0,133,1,-1,100,84,0,0,0,0
0,134,2,-1,100,85,0,0,0,0
0,135,11,-8,100,86,0,0,0,0
0,136,4,-1,100,87,0,0,0,0
0,137,4,-6,100,87,0,0,0,0
0,138,2,-2,100,87,0,0,0,0
0,139,1,2,100,87,0,0,0,0
1,186,0,-83,81,100,0,0,0,0
1,187,0,-112,75,100,0,0,0,0
1,188,5,2,76,100,0,0,0,0
1,189,1,-2,73,100,0,0,0,0
1,190,7,32,66,100,0,0,0,0
1,191,-6,-14,65,100,0,0,0,0
1,192,1,60,65,100,0,0,0,0
1,193,-2,11,65,100,0,0,0,0
1,194,5,4,63,100,0,0,0,0
1,195,12,-2,61,100,0,0,0,0
1,196,14,-3,59,100,0,0,0,0
1,197,17,-4,55,100,0,0,0,0
1,198,11,2,53,100,0,0,0,0
1,199,12,3,51,100,0,0,0,0
1,200,8,-1,44,100,0,0,0,0
1,201,10,-86,43,100,0,0,0,0
1,202,9,3,40,100,0,0,0,0
1,203,6,-5,33,100,0,0,0,0
1,204,21,16,33,100,0,0,0,0
1,205,13,-16,29,100,0,0,0,0
1,206,28,1,20,100,0,0,0,0
1,207,5,0,17,100,0,0,0,0
1,208,15,3,12,100,0,0,0,0
1,209,16,15,9,100,0,0,0,0
1,210,25,-6,0,100,0,0,0,0
1,211,5,67,0,100,1,0,0,0
1,212,15,4,0,100,7,0,0,0
1,213,34,-21,0,100,20,0,0,0
1,214,0,-1,0,100,23,0,0,0
1,215,13,-2,0,100,28,0,0,0
1,216,8,-1,0,100,30,0,0,0
1,217,11,-15,0,100,32,0,0,0
1,218,4,-5,0,100,33,0,0,0
1,219,17,6,0,100,39,0,0,0
1,220,12,-6,0,100,40,0,0,0
1,221,28,3,0,100,45,0,0,0
1,222,12,-2,0,100,49,0,0,0
1,223,14,-2,0,100,51,0,0,0
1,224,11,2,0,100,53,0,0,0
1,225,6,-5,0,100,55,0,0,0
1,226,8,-4,0,100,61,0,0,0
1,227,3,-1,0,100,63,0,0,0
1,228,9,1,0,100,64,0,0,0
1,229,12,-2,0,100,71,0,0,0
1,230,19,-2,0,100,72,0,0,0
1,231,4,4,0,100,74,0,0,0
1,232,2,-10,0,100,75,0,0,0
1,233,40,23,0,100,81,0,0,0
1,234,14,8,0,100,83,0,0,0
2,360,2,2,0,85,100,0,0,85
2,361,1,6,0,82,100,0,0,82
2,364,-1,-6,0,80,100,0,0,80
2,365,0,-4,0,80,100,0,0,80
2,366,-2,19,0,77,100,0,0,77
2,367,5,-9,0,78,100,0,0,78
2,368,9,1,0,77,100,0,0,77
2,369,5,-1,0,77,100,0,0,77
2,370,7,0,0,75,100,0,0,75
2,371,5,4,0,74,100,0,0,74
2,372,11,-2,0,72,100,0,0,72
2,373,3,3,0,71,100,0,0,71
2,374,2,5,0,70,100,0,0,70
2,375,2,2,0,70,100,0,0,70
2,376,9,-7,0,67,100,0,0,67
2,377,-4,-2,0,66,100,0,0,66
2,378,1,2,0,65,100,0,0,65
2,379,1,-3,0,64,100,0,0,64
2,380,2,14,0,63,100,0,0,63
2,381,4,15,0,62,100,0,0,62
2,382,9,-17,0,61,100,0,0,61
2,383,3,3,0,60,100,0,0,60
2,384,8,-2,0,59,100,0,0,59
2,385,12,-6,0,56,100,0,0,56
2,386,3,3,0,55,100,0,0,55
2,387,3,9,0,53,100,0,0,53
2,388,7,2,0,52,100,0,0,52
2,389,5,0,0,50,100,0,0,50
2,390,-1,-3,0,50,100,0,0,50
2,391,1,1,0,49,100,0,0,49
2,392,3,4,0,49,100,0,0,49
2,393,1,0,0,48,100,0,0,48
2,394,2,2,0,48,100,0,0,48
2,395,10,6,0,46,100,0,0,46
2,396,1,-4,0,46,100,0,0,46
2,397,-1,-2,0,46,100,0,0,46
2,398,-7,-1,0,47,100,0,0,47
2,399,0,2,0,48,100,0,0,48
2,404,1,-2,0,48,100,0,0,48
2,405,-2,-1,0,48,100,0,0,48
2,406,2,2,0,49,100,0,0,49
2,407,-2,4,0,49,100,0,0,49
2,408,0,3,0,49,100,0,0,49
2,409,4,-7,0,49,100,0,0,49
2,410,0,7,0,49,100,0,0,49
2,411,0,-2,0,49,100,0,0,49
2,412,-4,0,0,49,100,0,0,49
2,413,0,0,0,50,100,0,0,50
2,414,-1,-3,0,50,100,0,0,50
2,415,-1,4,0,51,100,0,0,51
2,416,-3,-3,0,51,100,0,0,51
2,417,-4,4,0,52,100,0,0,52
2,418,-3,3,0,54,100,0,0,54
2,419,-5,-4,0,55,100,0,0,55
2,420,-3,-2,0,55,100,0,0,55
2,421,0,1,0,55,100,0,0,55
2,422,-3,-1,0,55,100,0,0,55
2,423,-11,-7,0,58,100,0,0,58
2,424,-7,-1,0,59,100,0,0,59
2,425,-8,0,0,60,100,0,0,60
2,426,-12,6,0,62,100,0,0,62
2,427,-1,-4,0,62,100,0,0,62
2,430,0,-15,0,66,100,0,0,66
2,431,-4,4,0,66,100,0,0,66
2,432,2,0,0,70,100,0,0,70
2,433,-2,2,0,72,100,0,0,72
2,434,-7,0,0,74,100,0,0,74
2,435,-4,2,0,75,100,0,0,75
2,436,-6,-1,0,76,100,0,0,76
2,437,-22,4,0,81,100,0,0,81
2,441,-1,-5,0,83,100,0,0,83
2,442,0,3,0,84,100,0,0,84
5,597,0,0,0,0,85,0,0,100
5,598,0,1,0,0,80,0,0,100
5,599,0,0,0,0,75,0,0,100
5,600,0,-1,0,0,75,0,0,100
5,601,0,7,0,0,76,0,0,100
5,602,12,-7,0,0,73,0,0,100
5,603,15,0,0,0,71,0,0,100
5,604,30,0,0,0,62,0,0,100
5,605,-6,65,0,0,63,0,0,100
5,606,43,-65,0,0,55,0,0,100
5,607,-8,0,0,0,51,0,0,100
5,608,22,0,0,0,50,0,0,100
5,609,9,12,0,0,42,0,0,100
5,610,7,3,0,0,41,0,0,100
5,611,-10,49,0,0,39,0,0,100
5,612,29,-41,0,0,32,0,0,100
5,613,1,56,0,0,30,0,0,100
5,614,-2,0,0,0,24,0,0,100
5,615,19,-42,0,0,22,0,0,100
5,616,20,-18,0,0,17,0,0,100
5,617,27,-11,0,0,9,0,0,100
5,618,31,2,0,0,0,0,0,100
5,639,2,-7,0,0,0,0,75,100
4,710,0,-18,0,0,0,0,100,85
4,711,0,16,0,0,0,0,100,84
4,712,0,-16,0,0,0,0,100,82
4,713,0,2,0,0,0,0,100,82
4,714,0,-45,0,0,0,0,100,82
4,715,0,14,0,0,0,0,100,83
4,716,0,10,0,0,0,0,100,81
4,717,0,-23,0,0,0,0,100,81
4,718,0,16,0,0,0,0,100,81
4,719,0,3,0,0,0,0,100,80
4,720,0,43,0,0,0,0,100,80
4,721,15,-6,0,0,0,0,100,75
4,722,5,-5,0,0,0,0,100,73
4,723,1,-18,0,0,0,0,100,72
4,724,11,19,0,0,0,0,100,65
4,725,4,2,0,0,0,0,100,65
4,726,7,8,0,0,0,0,100,65
4,730,4,-10,0,0,0,0,100,52
4,731,6,-4,0,0,0,0,100,50
4,732,17,18,0,0,0,0,100,45
4,733,4,0,0,0,0,0,100,45
4,734,4,-5,0,0,0,0,100,44
4,735,2,21,0,0,0,0,100,43
4,736,4,6,0,0,0,0,100,42
4,737,4,1,0,0,0,0,100,41
4,738,2,-3,0,0,0,0,100,40
4,739,2,0,0,0,0,0,100,39
4,740,20,-5,0,0,0,0,100,33
4,741,-3,-16,0,0,0,0,100,34
4,742,4,6,0,0,0,0,100,33
4,743,2,2,0,0,0,0,100,33
4,744,3,12,0,0,0,0,100,32
4,745,3,-3,0,0,0,0,100,31
4,746,1,0,0,0,0,0,100,31
4,747,2,2,0,0,0,0,100,30
4,748,13,11,0,0,0,0,100,27
4,749,12,-7,0,0,0,0,100,24
4,750,2,1,0,0,0,0,100,23
4,751,7,7,0,0,0,0,100,21
4,752,9,1,0,0,0,0,100,19
4,753,3,-4,0,0,0,0,100,18
4,754,12,2,0,0,0,0,100,16
4,755,3,-3,0,0,0,0,100,14
4,756,2,-6,0,0,0,0,100,13
4,757,0,-11,0,0,0,0,100,12
4,758,0,16,0,0,0,0,100,12
4,759,1,2,0,0,0,0,100,12
4,760,4,7,0,0,0,0,100,11
4,761,2,-5,0,0,0,0,100,10
4,762,6,5,0,0,0,0,100,9
4,763,7,0,0,0,0,0,100,8
4,764,4,5,0,0,0,0,100,7
4,765,0,3,0,0,0,0,100,7
4,766,0,4,0,0,0,0,100,6
4,767,0,7,0,0,0,0,100,6
4,768,11,-1,0,0,0,0,100,3
4,769,-2,-5,0,0,0,0,100,3
4,770,-1,-3,0,0,0,0,100,3
4,771,2,-2,0,0,0,0,100,2
4,772,0,3,0,0,0,0,100,2
4,773,2,7,0,0,0,0,100,1
4,774,1,-8,0,0,0,0,100,0
4,775,3,7,0,0,0,0,100,0
4,776,2,5,0,0,0,0,100,0
4,777,5,9,0,0,0,0,100,0
4,778,5,1,0,0,0,0,100,0
4,779,2,2,0,0,0,0,100,0
4,780,5,-6,0,0,0,0,100,0
4,781,4,-3,0,0,0,0,100,0
4,782,10,2,0,0,0,0,100,0
4,783,1,-4,0,0,0,0,100,0
4,784,0,2,0,0,0,0,100,0
4,785,0,1,0,0,0,0,100,0
4,786,0,2,0,0,0,0,100,0
4,787,-1,-2,0,0,0,0,100,0
4,788,2,1,0,0,0,0,100,0
4,789,1,3,0,0,0,0,100,0
4,790,3,-2,0,0,0,0,100,0
4,791,0,1,0,0,0,0,100,0
4,792,3,4,0,0,0,0,100,0
4,793,5,1,0,0,0,0,100,0
4,794,1,3,0,0,0,0,100,0
4,795,0,3,0,0,0,0,100,0
4,796,1,-3,0,0,0,0,100,0
4,797,0,-1,0,0,0,0,100,0
4,798,3,-9,0,0,0,0,100,0
4,799,-1,10,0,0,0,0,100,0
4,800,1,-7,0,0,0,0,100,0
4,801,1,-1,0,0,0,0,100,0
4,802,0,1,0,0,0,0,100,0
4,803,1,1,0,0,0,0,100,0
4,804,0,-2,0,0,0,0,100,0
4,805,1,-2,0,0,0,0,100,0
4,806,0,-1,0,0,0,0,100,0
4,807,1,5,0,0,0,0,100,0
4,808,3,0,0,0,0,0,100,0
4,809,1,3,0,0,0,0,100,0
4,810,8,17,0,0,0,0,100,0
4,811,3,1,0,0,0,0,100,0
4,812,-1,0,0,0,0,0,100,0
4,813,0,-4,0,0,0,0,100,0
4,814,2,0,0,0,0,0,100,0
4,815,-1,5,0,0,0,0,100,0
4,816,1,-6,0,0,0,0,100,0
4,817,1,1,0,0,0,0,100,0
4,818,1,0,0,0,0,0,100,0
4,819,-1,2,0,0,0,0,100,0
4,820,1,-4,0,0,0,0,100,0
4,821,0,-3,0,0,0,0,100,0
4,822,1,3,0,0,0,0,100,0
4,823,1,2,0,0,0,0,100,0
4,824,1,2,0,0,0,0,100,0
4,825,-1,-3,0,0,0,0,100,0
4,826,1,1,0,0,0,0,100,0
4,827,0,1,0,0,0,0,100,0
4,828,0,-1,0,0,0,0,100,0
4,829,2,3,0,0,0,0,100,0
4,830,-1,1,0,0,0,0,100,0
4,831,1,-2,0,0,0,0,100,0
4,832,1,-1,0,0,0,0,100,0
4,833,1,-2,0,0,0,0,100,0
4,834,0,4,0,0,0,0,100,0
4,835,3,5,0,0,0,0,100,0
4,836,2,0,0,0,0,0,100,0
4,837,1,-3,0,0,0,0,100,0
4,838,1,2,0,0,0,0,100,0
4,839,0,0,0,0,0,0,100,0
4,840,3,0,0,0,0,0,100,0
4,841,0,0,0,0,0,0,100,0
4,842,4,-9,0,0,0,0,100,0
4,843,2,-2,0,0,0,0,100,0
4,844,1,0,0,0,0,0,100,0
4,845,0,-2,0,0,0,0,100,0
4,846,0,3,0,0,0,0,100,0
4,847,0,-2,0,0,0,0,100,0
4,848,1,-3,0,0,0,0,100,0
4,849,-1,-1,0,0,0,0,100,0
4,850,1,3,0,0,0,0,100,0
4,851,2,-1,0,0,0,0,100,0
4,852,0,1,0,0,0,0,100,0
4,853,9,1,0,0,0,0,100,0
4,854,0,1,0,0,0,0,100,0
4,855,-1,2,0,0,0,0,100,0
4,856,1,0,0,0,0,0,100,0
4,857,-1,1,0,0,0,0,100,0
4,858,0,-1,0,0,0,0,100,0
4,859,1,1,0,0,0,0,100,0
4,860,-1,3,0,0,0,0,100,0
4,861,3,-2,0,0,0,0,100,0
4,862,0,0,0,0,0,0,100,0
4,863,-2,3,0,0,0,0,100,0
4,864,2,0,0,0,0,0,100,0
4,865,-1,0,0,0,0,0,100,0
4,866,-1,-1,0,0,0,0,100,0
4,867,1,1,0,0,0,0,100,0
4,868,0,0,0,0,0,0,100,0
4,869,1,-1,0,0,0,0,100,0
4,870,0,-1,0,0,0,0,100,0
4,871,0,-1,0,0,0,0,100,0
4,872,1,1,0,0,0,0,100,0
4,873,1,2,0,0,0,0,100,0
4,874,0,1,0,0,0,0,100,0
4,875,0,-1,0,0,0,0,100,0
4,876,1,1,0,0,0,0,100,0
4,877,0,-1,0,0,0,0,100,0
4,878,0,2,0,0,0,0,100,0
4,879,-1,0,0,0,0,0,100,0
4,880,0,1,0,0,0,0,100,0
4,881,1,0,0,0,0,0,100,0
4,882,0,1,0,0,0,0,100,0
4,883,1,1,0,0,0,0,100,0
4,884,2,-1,0,0,0,0,100,0
4,885,-1,0,0,0,0,0,100,0
4,886,0,0,0,0,0,0,100,0
4,887,4,2,0,0,0,0,100,0
4,888,0,0,0,0,0,0,100,0
4,889,2,0,0,0,0,0,100,0
4,890,-1,-2,0,0,0,0,100,0
4,891,3,0,0,0,0,0,100,0
4,892,1,0,0,0,0,0,100,0
4,893,1,0,0,0,0,0,100,0
4,894,0,1,0,0,0,0,100,0
4,895,2,0,0,0,0,0,100,0
4,896,0,2,0,0,0,0,100,0
4,897,0,0,0,0,0,0,100,0
4,898,1,-1,0,0,0,0,100,0
4,899,1,1,0,0,0,0,100,0
4,900,0,-1,0,0,0,0,100,0
4,901,1,1,0,0,0,0,100,0
4,902,0,1,0,0,0,0,100,0
4,903,0,-2,0,0,0,0,100,0
4,904,2,2,0,0,0,0,100,0
4,905,1,-1,0,0,0,0,100,0
4,906,-1,1,0,0,0,0,100,0
4,907,1,0,0,0,0,0,100,0
4,908,0,0,0,0,0,0,100,0
4,909,2,1,0,0,0,0,100,0
4,910,-1,1,0,0,0,0,100,0
4,911,1,4,0,0,0,0,100,0
4,912,0,-1,0,0,0,0,100,0
4,913,1,0,0,0,0,0,100,0
4,914,1,1,0,0,0,0,100,0
4,915,-1,-1,0,0,0,0,100,0
4,916,-1,0,0,0,0,0,100,0
4,917,-1,-3,0,0,0,0,100,0
4,918,2,1,0,0,0,0,100,0
4,919,0,0,0,0,0,0,100,0
4,920,2,-1,0,0,0,0,100,0
4,921,-3,4,0,0,0,0,100,0
4,922,1,0,0,0,0,0,100,0
4,923,1,-1,0,0,0,0,100,0
4,924,1,1,0,0,0,0,100,0
4,925,0,2,0,0,0,0,100,0
4,926,1,-1,0,0,0,0,100,0
4,927,2,2,0,0,0,0,100,0
4,928,-1,1,0,0,0,0,100,0
4,929,0,-2,0,0,0,0,100,0
4,930,1,1,0,0,0,0,100,0
4,931,-2,-1,0,0,0,0,100,0
4,932,1,1,0,0,0,0,100,0
4,933,1,-2,0,0,0,0,100,0
4,934,-2,3,0,0,0,0,100,0
4,935,2,-1,0,0,0,0,100,0
4,936,1,0,0,0,0,0,100,0
4,937,4,-1,0,0,0,0,100,0
4,938,0,-2,0,0,0,0,100,0
4,939,-1,2,0,0,0,0,100,0
4,940,2,0,0,0,0,0,100,0
4,941,1,4,0,0,0,0,100,0
4,942,0,-1,0,0,0,0,100,0
4,943,-1,-1,0,0,0,0,100,0
4,944,0,1,0,0,0,0,100,0
4,945,1,0,0,0,0,0,100,0
4,946,1,2,0,0,0,0,100,0
4,947,-1,-3,0,0,0,0,100,0
4,948,2,-2,0,0,0,0,100,0
4,949,0,-2,0,0,0,0,100,0
4,950,-1,0,0,0,0,0,100,0
4,951,0,0,0,0,0,0,100,0
4,952,1,3,0,0,0,0,100,0
4,953,0,2,0,0,0,0,100,0
4,954,1,3,0,0,0,0,100,0
4,955,1,0,0,0,0,0,100,0
4,956,0,-1,0,0,0,0,100,0
4,962,0,4,0,0,0,0,100,0
4,963,0,-2,0,0,0,0,100,0
4,966,0,-1,0,0,0,0,100,0
4,980,-1,1,0,0,0,0,100,0
4,981,2,2,0,0,0,0,100,0
4,982,0,-2,0,0,0,0,100,0
4,991,-1,0,0,0,0,0,100,0
4,992,0,2,0,0,0,0,100,0
4,993,1,1,0,0,0,0,100,0
4,994,0,0,0,0,0,0,100,0
4,995,-1,-1,0,0,0,0,100,0
4,1000,0,2,0,0,0,0,100,0
4,1001,0,-1,0,0,0,0,100,0
4,1002,2,-2,0,0,0,0,100,0
4,1003,-1,-3,0,0,0,0,100,0
4,1004,1,1,0,0,0,0,100,0
4,1005,1,-1,0,0,0,0,100,0
4,1006,-1,-1,0,0,0,0,100,0
4,1007,1,0,0,0,0,0,100,0
4,1008,0,1,0,0,0,0,100,0
4,1009,-1,0,0,0,0,0,100,0
4,1010,2,1,0,0,0,0,100,0
4,1011,0,2,0,0,0,0,100,0
4,1012,1,-2,0,0,0,0,100,0
4,1013,1,-1,0,0,0,0,100,0
4,1014,0,-1,0,0,0,0,100,0
4,1015,0,-1,0,0,0,0,100,0
4,1016,1,0,0,0,0,0,100,0
4,1017,2,1,0,0,0,0,100,0
4,1018,0,0,0,0,0,0,100,0
4,1019,-1,3,0,0,0,0,100,0
4,1020,4,-3,0,0,0,0,100,0
4,1021,-2,0,0,0,0,0,100,0
4,1022,1,1,0,0,0,0,100,0
4,1023,-1,1,0,0,0,0,100,0
4,1024,1,-2,0,0,0,0,100,0
4,1025,1,5,0,0,0,0,100,0
4,1026,2,-1,0,0,0,0,100,0
4,1027,-2,1,0,0,0,0,100,0
4,1028,1,-3,0,0,0,0,100,0
4,1029,0,0,0,0,0,0,100,0
4,1030,0,1,0,0,0,0,100,0
4,1031,2,2,0,0,0,0,100,0
4,1032,-1,-2,0,0,0,0,100,0
4,1033,-1,1,0,0,0,0,100,0
4,1034,1,-3,0,0,0,0,100,0
4,1035,-1,0,0,0,0,0,100,0
4,1036,0,3,0,0,0,0,100,0
4,1037,1,1,0,0,0,0,100,0
4,1038,1,-2,0,0,0,0,100,0
4,1039,1,-1,0,0,0,0,100,0
4,1040,0,-3,0,0,0,0,100,0
4,1041,1,2,0,0,0,0,100,0
4,1042,-1,-1,0,0,0,0,100,0
4,1043,0,3,0,0,0,0,100,0
4,1044,0,0,0,0,0,0,100,0
4,1045,1,0,0,0,0,0,100,0
4,1046,1,-1,0,0,0,0,100,0
4,1047,0,0,0,0,0,0,100,0
4,1048,0,-2,0,0,0,0,100,0
4,1049,0,2,0,0,0,0,100,0
4,1050,0,-2,0,0,0,0,100,0
4,1051,0,0,0,0,0,0,100,0
4,1052,0,1,0,0,0,0,100,0
4,1053,1,0,0,0,0,0,100,0
4,1054,0,1,0,0,0,0,100,0
4,1055,0,-1,0,0,0,0,100,0
4,1056,0,1,0,0,0,0,100,0
4,1057,1,3,0,0,0,0,100,0
4,1058,0,-2,0,0,0,0,100,0
4,1059,0,0,0,0,0,0,100,0
4,1060,0,-1,0,0,0,0,100,0
4,1061,0,2,0,0,0,0,100,0
4,1062,0,-1,0,0,0,0,100,0
4,1063,1,-1,0,0,0,0,100,0
4,1064,0,-1,0,0,0,0,100,0
4,1065,-1,1,0,0,0,0,100,0
4,1066,0,-1,0,0,0,0,100,0
4,1067,0,0,0,0,0,0,100,0
4,1068,0,0,0,0,0,0,100,0
4,1069,0,1,0,0,0,0,100,0
4,1070,0,0,0,0,0,0,100,0
4,1071,0,0,0,0,0,0,100,0
4,1072,0,0,0,0,0,0,100,0
4,1073,2,1,0,0,0,0,100,0
4,1074,0,2,0,0,0,0,100,0
4,1075,1,0,0,0,0,0,100,0
4,1076,0,-1,0,0,0,0,100,0
4,1077,0,1,0,0,0,0,100,0
4,1078,1,0,0,0,0,0,100,0
4,1079,1,3,0,0,0,0,100,0
4,1080,0,-3,0,0,0,0,100,0
4,1081,0,1,0,0,0,0,100,0
4,1082,0,1,0,0,0,0,100,0
4,1083,0,-1,0,0,0,0,100,0
4,1084,0,1,0,0,0,0,100,0
4,1087,0,0,0,0,0,0,100,0
4,1092,-2,0,0,0,0,0,100,0
4,1093,0,1,0,0,0,0,100,0
4,1094,0,0,0,0,0,0,100,0
4,1095,-2,-7,0,0,0,0,100,0
4,1096,-2,-1,0,0,0,0,100,0
4,1097,0,2,0,0,0,0,100,0
4,1098,0,0,0,0,0,0,100,0
4,1099,-1,1,0,0,0,0,100,0
4,1100,0,-1,0,0,0,0,100,0
4,1101,0,1,0,0,0,0,100,0
4,1102,1,-1,0,0,0,0,100,0
4,1103,1,-2,0,0,0,0,100,0
4,1104,0,-1,0,0,0,0,100,0
4,1105,0,1,0,0,0,0,100,0
4,1106,0,1,0,0,0,0,100,0
4,1107,0,1,0,0,0,0,100,0
4,1108,0,0,0,0,0,0,100,0
4,1109,0,0,0,0,0,0,100,0
4,1110,-1,6,0,0,0,0,100,0
4,1111,0,-4,0,0,0,0,100,0
4,1112,0,1,0,0,0,0,100,0
4,1113,-2,1,0,0,0,0,100,0
4,1114,1,-1,0,0,0,0,100,0
4,1122,0,-2,0,0,0,0,100,0
4,1130,-1,0,0,0,0,0,100,0
4,1131,0,1,0,0,0,0,100,0
4,1132,-1,0,0,0,0,0,100,0
4,1133,1,2,0,0,0,0,100,0
4,1134,-2,-3,0,0,0,0,100,0
4,1135,-1,-3,0,0,0,0,100,0
4,1136,1,-2,0,0,0,0,100,0
4,1137,0,3,0,0,0,0,100,0
4,1138,0,-4,0,0,0,0,100,0
4,1139,-1,1,0,0,0,0,100,0
4,1140,0,-1,0,0,0,0,100,0
4,1141,-2,-1,0,0,0,0,100,0
4,1142,2,1,0,0,0,0,100,0
4,1143,-2,0,0,0,0,0,100,0
4,1144,-1,0,0,0,0,0,100,0
4,1145,0,-1,0,0,0,0,100,0
4,1146,-1,3,0,0,0,0,100,0
4,1147,-1,1,0,0,0,0,100,0
4,1150,1,0,0,0,0,0,100,0
4,1151,0,0,0,0,0,0,100,0
4,1152,0,0,0,0,0,0,100,0
4,1153,-1,-2,0,0,0,0,100,0
4,1154,-1,3,0,0,0,0,100,0
4,1155,-1,0,0,0,0,0,100,0
4,1160,-2,-4,0,0,0,0,100,0
4,1161,3,1,0,0,0,0,100,0
4,1162,0,0,0,0,0,0,100,0
4,1163,0,-2,0,0,0,0,100,0
4,1164,0,0,0,0,0,0,100,0
4,1165,-1,0,0,0,0,0,100,0
4,1166,1,-2,0,0,0,0,100,0
4,1167,-1,0,0,0,0,0,100,0
4,1168,0,-1,0,0,0,0,100,0
4,1169,-1,-1,0,0,0,0,100,0
4,1170,0,3,0,0,0,0,100,0
4,1171,-1,1,0,0,0,0,100,0
4,1172,0,1,0,0,0,0,100,0
4,1173,0,0,0,0,0,0,100,0
4,1174,-1,0,0,0,0,0,100,0
4,1175,0,0,0,0,0,0,100,0
4,1176,0,-1,0,0,0,0,100,0
4,1177,-1,-1,0,0,0,0,100,0
4,1178,0,2,0,0,0,0,100,0
4,1179,0,-1,0,0,0,0,100,0
4,1180,-1,-2,0,0,0,0,100,0
4,1181,0,0,0,0,0,0,100,0
4,1182,0,2,0,0,0,0,100,0
4,1183,1,-1,0,0,0,0,100,0
4,1184,-2,1,0,0,0,0,100,0
4,1185,-1,-1,0,0,0,0,100,0
4,1186,1,0,0,0,0,0,100,0
4,1187,0,-1,0,0,0,0,100,0
4,1188,-1,1,0,0,0,0,100,0
4,1189,1,-1,0,0,0,0,100,0
4,1190,1,1,0,0,0,0,100,0
4,1191,1,-1,0,0,0,0,100,0
4,1192,0,0,0,0,0,0,100,0
4,1193,-1,0,0,0,0,0,100,0
4,1194,1,-3,0,0,0,0,100,0
4,1195,1,1,0,0,0,0,100,0
4,1196,0,-2,0,0,0,0,100,0
4,1197,0,1,0,0,0,0,100,0
4,1198,-1,-1,0,0,0,0,100,0
4,1199,0,-1,0,0,0,0,100,0
4,1200,0,2,0,0,0,0,100,0
4,1201,-1,0,0,0,0,0,100,0
4,1202,0,1,0,0,0,0,100,0
4,1203,-1,4,0,0,0,0,100,0
4,1204,0,4,0,0,0,0,100,0
4,1205,-3,-4,0,0,0,0,100,0
4,1206,1,-1,0,0,0,0,100,0
4,1207,-1,0,0,0,0,0,100,0
4,1208,1,-2,0,0,0,0,100,0
4,1209,-1,1,0,0,0,0,100,0
4,1210,-1,-2,0,0,0,0,100,0
4,1211,-1,0,0,0,0,0,100,0
4,1212,0,1,0,0,0,0,100,0
4,1213,-1,1,0,0,0,0,100,0
4,1214,0,-1,0,0,0,0,100,0
4,1215,-1,0,0,0,0,0,100,0
4,1216,1,1,0,0,0,0,100,0
4,1217,-1,-1,0,0,0,0,100,0
4,1218,0,1,0,0,0,0,100,0
4,1219,0,0,0,0,0,0,100,0
4,1220,-1,0,0,0,0,0,100,0
4,1221,1,2,0,0,0,0,100,0
4,1222,1,-2,0,0,0,0,100,0
4,1223,1,-3,0,0,0,0,100,0
4,1224,-1,-4,0,0,0,0,100,0
4,1225,0,-1,0,0,0,0,100,0
4,1226,-1,0,0,0,0,0,100,0
4,1227,-2,2,0,0,0,0,100,0
4,1228,2,1,0,0,0,0,100,0
4,1229,-1,0,0,0,0,0,100,0
4,1230,-4,-1,0,0,0,0,100,0
4,1231,0,1,0,0,0,0,100,0
4,1232,1,0,0,0,0,0,100,0
4,1233,0,0,0,0,0,0,100,0
4,1234,0,-2,0,0,0,0,100,0
4,1235,0,-1,0,0,0,0,100,0
4,1236,-1,1,0,0,0,0,100,0
4,1237,1,0,0,0,0,0,100,0
4,1238,-3,0,0,0,0,0,100,0
4,1239,-2,1,0,0,0,0,100,0
4,1240,-3,0,0,0,0,0,100,0
4,1241,1,1,0,0,0,0,100,0
4,1242,0,-1,0,0,0,0,100,0
4,1243,-2,1,0,0,0,0,100,0
4,1244,1,-1,0,0,0,0,100,0
4,1245,-2,0,0,0,0,0,100,0
4,1246,2,0,0,0,0,0,100,0
4,1247,0,-1,0,0,0,0,100,0
4,1248,-1,-1,0,0,0,0,100,0
4,1249,-1,-1,0,0,0,0,100,0
4,1250,-1,1,0,0,0,0,100,0
4,1251,0,-1,0,0,0,0,100,0
4,1252,0,0,0,0,0,0,100,0
4,1253,-2,-1,0,0,0,0,100,0
4,1254,0,-1,0,0,0,0,100,0
4,1255,1,-1,0,0,0,0,100,0
4,1256,-1,-2,0,0,0,0,100,0
4,1257,1,-1,0,0,0,0,100,0
4,1258,-1,-1,0,0,0,0,100,0
4,1259,2,1,0,0,0,0,100,0
4,1260,0,-1,0,0,0,0,100,0
4,1261,0,1,0,0,0,0,100,0
4,1262,-2,0,0,0,0,0,100,0
4,1263,0,2,0,0,0,0,100,0
4,1264,-1,-1,0,0,0,0,100,0
4,1265,0,-2,0,0,0,0,100,0
4,1266,-2,0,0,0,0,0,100,0
4,1267,-3,1,0,0,0,0,100,0
4,1268,-1,0,0,0,0,0,100,0
4,1269,0,-1,0,0,0,0,100,0
4,1270,-1,0,0,0,0,0,100,0
4,1271,0,-2,0,0,0,0,100,0
4,1272,-2,0,0,0,0,0,100,0
4,1273,0,3,0,0,0,0,100,0
4,1274,-1,-1,0,0,0,0,100,0
4,1275,-2,0,0,0,0,0,100,0
4,1276,1,-3,0,0,0,0,100,0
4,1277,-1,1,0,0,0,0,100,0
4,1278,0,-1,0,0,0,0,100,0
4,1279,0,0,0,0,0,0,100,0
4,1280,-2,0,0,0,0,0,100,0
4,1281,-1,0,0,0,0,0,100,0
4,1282,-1,-2,0,0,0,0,100,0
4,1283,0,-1,0,0,0,0,100,0
4,1284,0,-1,0,0,0,0,100,0
4,1285,1,0,0,0,0,0,100,0
4,1286,-1,-1,0,0,0,0,100,0
4,1287,-4,3,0,0,0,0,100,0
4,1288,-1,1,0,0,0,0,100,0
4,1289,0,-1,0,0,0,0,100,0
4,1290,-1,0,0,0,0,0,100,0
4,1291,0,-1,0,0,0,0,100,0
4,1292,-1,2,0,0,0,0,100,0
4,1293,0,6,0,0,0,0,100,0
4,1294,-2,0,0,0,0,0,100,0
4,1295,0,-9,0,0,0,0,100,0
4,1296,-4,1,0,0,0,0,100,0
4,1297,-1,0,0,0,0,0,100,0
4,1298,-2,1,0,0,0,0,100,0
4,1299,-1,1,0,0,0,0,100,0
4,1300,-1,-1,0,0,0,0,100,0
4,1301,-1,1,0,0,0,0,100,0
4,1302,-1,-1,0,0,0,0,100,0
4,1303,0,-1,0,0,0,0,100,0
4,1304,-1,0,0,0,0,0,100,0
4,1305,-2,0,0,0,0,0,100,0
4,1306,-4,-1,0,0,0,0,100,0
4,1307,0,1,0,0,0,0,100,0
4,1308,-4,3,0,0,0,0,100,0
4,1309,-1,0,0,0,0,0,100,0
4,1310,0,-4,0,0,0,0,100,0
4,1311,0,0,0,0,0,0,100,0
4,1312,-3,0,0,0,0,0,100,0
4,1313,0,-3,0,0,0,0,100,0
4,1314,1,1,0,0,0,0,100,0
4,1315,-2,0,0,0,0,0,100,0
4,1316,0,0,0,0,0,0,100,0
4,1317,0,0,0,0,0,0,100,0
4,1318,-1,-2,0,0,0,0,100,0
4,1319,1,2,0,0,0,0,100,0
4,1320,0,0,0,0,0,0,100,0
4,1321,0,-2,0,0,0,0,100,0
4,1322,0,9,0,0,0,0,100,0
4,1323,0,-1,0,0,0,0,100,0
4,1324,-1,0,0,0,0,0,100,0
4,1325,0,-1,0,0,0,0,100,0
4,1326,-6,-2,0,0,0,0,100,0
4,1327,-2,-2,0,0,0,0,100,0
4,1328,-1,1,0,0,0,0,100,0
4,1329,0,0,0,0,0,0,100,0
4,1330,-1,-6,0,0,0,0,100,0
4,1331,-2,-2,0,0,0,0,100,0
4,1332,-2,0,0,0,0,0,100,0
4,1333,0,4,0,0,0,0,100,0
4,1334,-2,-2,0,0,0,0,100,0
4,1335,-4,5,0,0,0,0,100,0
4,1336,1,-8,0,0,0,0,100,0
4,1337,-1,7,0,0,0,0,100,0
4,1338,1,-1,0,0,0,0,100,0
4,1339,1,0,0,0,0,0,100,0
4,1340,-4,0,0,0,0,0,100,0
4,1341,-2,3,0,0,0,0,100,0
4,1342,-2,-2,0,0,0,0,100,0
4,1343,-2,0,0,0,0,0,100,0
4,1344,-2,-3,0,0,0,0,100,0
4,1345,-1,0,0,0,0,0,100,0
4,1346,1,1,0,0,0,0,100,0
4,1347,-1,-1,0,0,0,0,100,0
4,1348,-2,-3,0,0,0,0,100,0
4,1349,0,1,0,0,0,0,100,0
4,1350,1,-6,0,0,0,0,100,0
4,1351,0,0,0,0,0,0,100,0
4,1352,-2,4,0,0,0,0,100,0
4,1353,0,-3,0,0,0,0,100,0
4,1354,1,6,0,0,0,0,100,0
4,1355,-2,2,0,0,0,0,100,0
4,1356,0,5,0,0,0,0,100,0
4,1357,-5,-9,0,0,0,0,100,0
4,1358,-3,-4,0,0,0,0,100,0
4,1359,-2,-3,0,0,0,0,100,0
4,1360,-5,2,0,0,0,0,100,0
4,1361,-2,-3,0,0,0,0,100,0
4,1362,-4,1,0,0,0,0,100,0
4,1363,-2,0,0,0,0,0,100,0
4,1364,1,-5,0,0,0,0,100,0
4,1365,-3,3,0,0,0,0,100,0
4,1366,-2,4,0,0,0,0,100,0
4,1367,-1,-3,0,0,0,0,100,0
4,1368,-1,-1,0,0,0,0,100,0
4,1369,1,0,0,0,0,0,100,0
4,1370,-3,3,0,0,0,0,100,0
4,1371,-4,-2,0,0,0,0,100,0
4,1372,-1,-3,0,0,0,0,100,0
4,1373,-2,-3,0,0,0,0,100,1
4,1374,0,-2,0,0,0,0,100,1
4,1375,0,-4,0,0,0,0,100,1
4,1376,1,-1,0,0,0,0,100,1
4,1377,1,0,0,0,0,0,100,1
4,1378,-3,5,0,0,0,0,100,2
4,1379,-1,-1,0,0,0,0,100,2
4,1380,-3,2,0,0,0,0,100,2
4,1381,-1,2,0,0,0,0,100,2
4,1382,2,6,0,0,0,0,100,3
4,1383,-6,-10,0,0,0,0,100,6
4,1384,-3,3,0,0,0,0,100,6
4,1385,-5,-4,0,0,0,0,100,7
4,1386,-2,-2,0,0,0,0,100,7
4,1387,-2,-7,0,0,0,0,100,8
4,1388,-1,7,0,0,0,0,100,9
4,1389,-8,-1,0,0,0,0,100,10
4,1390,-1,-4,0,0,0,0,100,11
4,1391,-5,-4,0,0,0,0,100,12
4,1392,-8,-1,0,0,0,0,100,14
4,1393,-5,-1,0,0,0,0,100,15
4,1394,0,2,0,0,0,0,100,16
4,1395,-5,2,0,0,0,0,100,16
4,1396,2,-8,0,0,0,0,100,16
4,1397,-2,0,0,0,0,0,100,16
4,1398,-3,-2,0,0,0,0,100,17
4,1399,-1,-2,0,0,0,0,100,17
4,1400,1,-5,0,0,0,0,100,18
4,1401,-3,-2,0,0,0,0,100,18
4,1402,-4,-6,0,0,0,0,100,20
4,1403,-2,-2,0,0,0,0,100,20
4,1404,0,-1,0,0,0,0,100,21
4,1405,-4,-5,0,0,0,0,100,22
4,1406,-4,12,0,0,0,0,100,23
4,1407,-3,3,0,0,0,0,100,24
4,1408,-2,0,0,0,0,0,100,24
4,1409,-2,13,0,0,0,0,100,24
4,1410,-7,-5,0,0,0,0,100,27
4,1411,-5,-10,0,0,0,0,100,28
4,1412,-7,1,0,0,0,0,100,31
4,1413,-7,-11,0,0,0,0,100,32
4,1414,-2,-1,0,0,0,0,100,33
4,1415,-5,0,0,0,0,0,100,34
4,1416,-4,-7,0,0,0,0,100,35
4,1417,-9,3,0,0,0,0,100,38
4,1418,-10,0,0,0,0,0,100,40
4,1419,-9,-4,0,0,0,0,100,42
4,1420,-4,14,0,0,0,0,100,42
4,1421,-7,-19,0,0,0,0,100,44
4,1422,-4,3,0,0,0,0,100,45
4,1423,-7,12,0,0,0,0,100,46
4,1424,0,-1,0,0,0,0,100,46
4,1425,-6,-4,0,0,0,0,100,49
4,1426,-3,3,0,0,0,0,100,50
4,1427,-2,4,0,0,0,0,100,51
4,1428,-4,-5,0,0,0,0,100,51
4,1429,-3,-1,0,0,0,0,100,53
4,1430,2,-11,0,0,0,0,100,53
4,1431,-4,-8,0,0,0,0,100,54
4,1432,1,3,0,0,0,0,100,54
4,1433,0,0,0,0,0,0,100,55
4,1434,-1,-2,0,0,0,0,100,55
4,1435,-2,0,0,0,0,0,100,56
4,1436,-7,-1,0,0,0,0,100,55
4,1437,-14,14,0,0,0,0,100,61
4,1438,-7,2,0,0,0,0,100,63
4,1439,1,-13,0,0,0,0,100,64
4,1440,-13,0,0,0,0,0,100,66
4,1441,-15,-4,0,0,0,0,100,71
4,1442,-8,7,0,0,0,0,100,73
4,1443,-6,-11,0,0,0,0,100,75
4,1444,3,-10,0,0,0,0,100,75
4,1445,-4,1,0,0,0,0,100,77
4,1446,-4,-31,0,0,0,0,100,77
4,1447,-3,8,0,0,0,0,100,76
4,1448,-1,-25,0,0,0,0,100,81
4,1449,-1,9,0,0,0,0,100,82
4,1450,0,-3,0,0,0,0,100,83
4,1453,0,-46,0,0,0,0,100,84
5,1515,-22,-9,0,0,0,0,45,100
5,1516,0,3,0,0,0,0,43,100
5,1517,-15,-25,0,0,0,0,42,100
5,1521,-30,15,0,0,0,0,22,100
5,1527,-17,1,0,0,8,0,0,100
5,1528,-1,8,0,0,9,0,0,100
5,1529,3,-16,0,0,10,0,0,100
5,1530,-28,1,0,0,17,0,0,100
5,1531,1,1,0,0,18,0,0,100
5,1532,-6,-4,0,0,22,0,0,100
5,1533,-24,-27,0,0,29,0,0,100
5,1534,5,21,0,0,30,0,0,100
5,1535,-1,4,0,0,32,0,0,100
5,1536,-16,5,0,0,34,0,0,100
5,1537,10,-35,0,0,34,0,0,100
5,1538,-31,35,0,0,40,0,0,100
5,1539,2,35,0,0,44,0,0,100
5,1540,-4,0,0,0,44,0,0,100
5,1541,0,-5,0,0,45,0,0,100
5,1542,-17,-37,0,0,49,0,0,100
5,1543,-3,-14,0,0,50,0,0,100
5,1544,1,53,0,0,52,0,0,100
5,1545,-3,-38,0,0,53,0,0,100
5,1546,0,-20,0,0,53,0,0,100
5,1547,-1,19,0,0,55,0,0,100
5,1548,-5,-3,0,0,55,0,0,100
5,1549,6,-3,0,0,55,0,0,100
5,1550,-2,0,0,0,55,0,0,100
5,1551,-2,6,0,0,55,0,0,100
5,1552,3,-5,0,0,55,0,0,100
5,1553,1,-17,0,0,55,0,0,100
5,1554,0,10,0,0,55,0,0,100
5,1555,7,2,0,0,55,0,0,100
5,1556,4,-19,0,0,55,0,0,100
5,1557,-11,67,0,0,55,0,0,100
5,1558,9,-67,0,0,55,0,0,100
5,1559,-3,-3,0,0,55,0,0,100
5,1560,4,22,0,0,55,0,0,100
5,1561,4,-7,0,0,55,0,0,100
5,1562,-1,-15,0,0,55,0,0,100
5,1563,-1,11,0,0,55,0,0,100
5,1564,1,0,0,0,55,0,0,100
5,1565,2,-5,0,0,55,0,0,100
5,1566,2,3,0,0,55,0,0,100
5,1567,3,0,0,0,55,0,0,100
5,1568,-2,2,0,0,55,0,0,100
5,1569,-1,1,0,0,56,0,0,100
5,1570,3,-1,0,0,56,0,0,100
5,1571,-2,3,0,0,56,0,0,100
5,1572,2,1,0,0,55,0,0,100
5,1573,1,-5,0,0,56,0,0,100
5,1574,1,2,0,0,55,0,0,100
5,1575,1,9,0,0,55,0,0,100
5,1576,0,-3,0,0,55,0,0,100
5,1577,0,16,0,0,55,0,0,100
5,1578,2,4,0,0,55,0,0,100
5,1579,2,4,0,0,55,0,0,100
5,1580,1,12,0,0,55,0,0,100
5,1581,1,5,0,0,55,0,0,100
5,1582,1,5,0,0,55,0,0,100
5,1583,1,1,0,0,54,0,0,100
5,1584,0,5,0,0,54,0,0,100
5,1585,-5,-25,0,0,53,0,0,100
5,1586,3,-3,0,0,53,0,0,100
5,1587,0,-6,0,0,53,0,0,100
5,1588,0,3,0,0,53,0,0,100
5,1589,1,12,0,0,52,0,0,100
5,1590,1,-3,0,0,52,0,0,100
5,1591,2,-6,0,0,52,0,0,100
5,1592,0,-12,0,0,52,0,0,100
5,1593,2,-8,0,0,52,0,0,100
5,1594,0,-4,0,0,52,0,0,100
5,1595,-1,24,0,0,52,0,0,100
5,1596,2,15,0,0,52,0,0,100
5,1597,0,-11,0,0,52,0,0,100
5,1598,2,13,0,0,52,0,0,100
5,1599,0,13,0,0,52,0,0,100
5,1600,2,8,0,0,52,0,0,100
5,1601,0,0,0,0,52,0,0,100
5,1602,-1,12,0,0,52,0,0,100
5,1603,1,1,0,0,52,0,0,100
5,1604,0,0,0,0,52,0,0,100
5,1605,-1,4,0,0,52,0,0,100
5,1606,0,-1,0,0,53,0,0,100
5,1607,0,2,0,0,52,0,0,100
5,1608,2,-5,0,0,52,0,0,100
5,1609,2,0,0,0,52,0,0,100
5,1610,1,-3,0,0,52,0,0,100
5,1611,0,2,0,0,52,0,0,100
5,1612,-1,1,0,0,52,0,0,100
5,1613,0,9,0,0,52,0,0,100
5,1614,0,0,0,0,52,0,0,100
5,1615,3,-2,0,0,51,0,0,100
5,1616,1,6,0,0,51,0,0,100
5,1617,1,-3,0,0,51,0,0,100
5,1618,1,-2,0,0,51,0,0,100
5,1619,0,5,0,0,51,0,0,100
5,1620,5,-2,0,0,50,0,0,100
5,1621,-1,-3,0,0,50,0,0,100
5,1622,3,-1,0,0,50,0,0,100
5,1623,1,0,0,0,49,0,0,100
5,1624,0,2,0,0,50,0,0,100
5,1625,0,4,0,0,49,0,0,100
5,1626,1,-3,0,0,49,0,0,100
5,1627,-1,-1,0,0,49,0,0,100
5,1628,0,0,0,0,49,0,0,100
5,1629,-1,6,0,0,49,0,0,100
5,1630,-1,-4,0,0,50,0,0,100
5,1631,2,1,0,0,50,0,0,100
5,1632,0,5,0,0,50,0,0,100
5,1633,-1,-4,0,0,50,0,0,100
5,1634,0,10,0,0,50,0,0,100
5,1635,0,5,0,0,50,0,0,100
5,1636,-1,-2,0,0,50,0,0,100
5,1637,-1,0,0,0,50,0,0,100
5,1638,0,-1,0,0,51,0,0,100
5,1639,0,-2,0,0,51,0,0,100
5,1640,0,0,0,0,50,0,0,100
5,1641,0,-2,0,0,51,0,0,100
5,1642,0,9,0,0,51,0,0,100
5,1643,-1,-2,0,0,51,0,0,100
5,1644,1,-1,0,0,51,0,0,100
5,1645,0,3,0,0,51,0,0,100
5,1646,1,2,0,0,51,0,0,100
5,1647,1,-1,0,0,50,0,0,100
5,1648,2,-2,0,0,50,0,0,100
5,1649,0,-2,0,0,50,0,0,100
5,1650,0,7,0,0,50,0,0,100
5,1651,1,-1,0,0,50,0,0,100
5,1652,3,-7,0,0,50,0,0,100
5,1653,2,0,0,0,49,0,0,100
5,1654,1,4,0,0,49,0,0,100
5,1655,-1,-1,0,0,49,0,0,100
5,1656,1,-3,0,0,49,0,0,100
5,1657,1,5,0,0,49,0,0,100
5,1658,-2,0,0,0,49,0,0,100
5,1659,0,1,0,0,49,0,0,100
5,1660,1,1,0,0,49,0,0,100
5,1661,-1,1,0,0,49,0,0,100
5,1662,0,2,0,0,49,0,0,100
5,1663,1,1,0,0,49,0,0,100
5,1664,0,0,0,0,49,0,0,100
5,1665,-2,1,0,0,50,0,0,100
5,1666,1,1,0,0,50,0,0,100
5,1667,0,1,0,0,49,0,0,100
5,1668,0,0,0,0,50,0,0,100
5,1669,-2,1,0,0,50,0,0,100
5,1670,0,0,0,0,50,0,0,100
5,1671,-1,4,0,0,50,0,0,100
5,1672,2,-3,0,0,50,0,0,100
5,1673,-1,2,0,0,50,0,0,100
5,1674,3,0,0,0,50,0,0,100
5,1675,-2,2,0,0,50,0,0,100
5,1676,0,-2,0,0,50,0,0,100
5,1677,1,2,0,0,49,0,0,100
5,1678,2,-3,0,0,49,0,0,100
5,1679,0,1,0,0,49,0,0,100
5,1680,1,-2,0,0,48,0,0,100
5,1681,-2,2,0,0,48,0,0,100
5,1682,2,-5,0,0,48,0,0,100
5,1683,1,1,0,0,48,0,0,100
5,1684,9,2,0,0,46,0,0,100
5,1685,-1,2,0,0,46,0,0,100
5,1686,1,-1,0,0,46,0,0,100
5,1687,1,2,0,0,46,0,0,100
5,1688,0,1,0,0,45,0,0,100
5,1689,-1,-2,0,0,46,0,0,100
5,1690,0,1,0,0,46,0,0,100
5,1691,0,-1,0,0,45,0,0,100
5,1692,0,0,0,0,45,0,0,100
5,1693,1,1,0,0,45,0,0,100
5,1694,0,0,0,0,45,0,0,100
5,1695,0,-1,0,0,45,0,0,100
5,1696,1,0,0,0,45,0,0,100
5,1697,0,3,0,0,45,0,0,100
5,1698,1,-1,0,0,45,0,0,100
5,1699,-2,1,0,0,45,0,0,100
5,1700,1,-1,0,0,45,0,0,100
5,1701,0,4,0,0,45,0,0,100
5,1702,1,-3,0,0,45,0,0,100
5,1703,-1,0,0,0,45,0,0,100
5,1704,1,0,0,0,45,0,0,100
5,1705,1,1,0,0,45,0,0,100
5,1706,-1,-2,0,0,45,0,0,100
5,1707,2,2,0,0,45,0,0,100
5,1708,-2,1,0,0,45,0,0,100
5,1709,1,-1,0,0,45,0,0,100
5,1710,1,0,0,0,44,0,0,100
5,1711,0,1,0,0,44,0,0,100
5,1712,1,0,0,0,44,0,0,100
5,1713,1,-1,0,0,44,0,0,100
5,1714,1,-2,0,0,44,0,0,100
5,1715,2,-1,0,0,44,0,0,100
5,1716,0,5,0,0,44,0,0,100
5,1717,1,3,0,0,44,0,0,100
5,1718,3,0,0,0,43,0,0,100
5,1719,-1,-2,0,0,44,0,0,100
5,1720,3,-3,0,0,43,0,0,100
5,1721,1,-1,0,0,42,0,0,100
5,1722,3,1,0,0,42,0,0,100
5,1723,1,0,0,0,42,0,0,100
5,1724,-1,-1,0,0,41,0,0,100
5,1725,0,1,0,0,42,0,0,100
5,1726,2,0,0,0,41,0,0,100
5,1727,0,-2,0,0,41,0,0,100
5,1728,0,0,0,0,41,0,0,100
5,1729,-1,-4,0,0,42,0,0,100
5,1730,-1,2,0,0,42,0,0,100
5,1731,1,0,0,0,42,0,0,100
5,1732,-2,0,0,0,42,0,0,100
5,1733,-2,2,0,0,43,0,0,100
5,1734,0,-1,0,0,43,0,0,100
5,1735,1,0,0,0,43,0,0,100
5,1736,-2,-2,0,0,43,0,0,100
5,1737,-1,-4,0,0,43,0,0,100
5,1738,0,2,0,0,43,0,0,100
5,1739,1,0,0,0,43,0,0,100
5,1740,-1,1,0,0,43,0,0,100
5,1741,0,4,0,0,43,0,0,100
5,1742,1,0,0,0,43,0,0,100
5,1743,-3,0,0,0,43,0,0,100
5,1744,1,-2,0,0,43,0,0,100
5,1745,-2,-1,0,0,43,0,0,100
5,1746,1,1,0,0,43,0,0,100
5,1747,-1,0,0,0,43,0,0,100
5,1748,2,0,0,0,43,0,0,100
5,1749,-1,-1,0,0,43,0,0,100
5,1750,0,2,0,0,43,0,0,100
5,1751,0,-2,0,0,43,0,0,100
5,1752,2,0,0,0,42,0,0,100
5,1753,2,1,0,0,42,0,0,100
5,1754,0,-1,0,0,42,0,0,100
5,1755,1,2,0,0,41,0,0,100
5,1756,1,-1,0,0,41,0,0,100
5,1757,-1,-3,0,0,41,0,0,100
5,1758,1,-2,0,0,41,0,0,100
5,1759,1,1,0,0,40,0,0,100
5,1760,0,0,0,0,40,0,0,100
5,1761,-1,0,0,0,40,0,0,100
5,1762,0,-2,0,0,40,0,0,100
5,1763,0,-1,0,0,40,0,0,100
5,1764,-2,-2,0,0,41,0,0,100
5,1765,2,2,0,0,40,0,0,100
5,1766,-1,1,0,0,40,0,0,100
5,1767,-3,1,0,0,41,0,0,100
5,1768,-2,0,0,0,42,0,0,100
5,1769,-2,1,0,0,42,0,0,100
5,1770,-2,-2,0,0,43,0,0,100
5,1771,-3,-3,0,0,44,0,0,100
5,1772,-2,-2,0,0,44,0,0,100
5,1773,-2,-2,0,0,45,0,0,100
5,1774,-1,-1,0,0,45,0,0,100
5,1775,-1,-2,0,0,45,0,0,100
5,1776,-2,1,0,0,45,0,0,100
5,1777,0,0,0,0,46,0,0,100
5,1778,-1,-4,0,0,46,0,0,100
5,1779,1,0,0,0,46,0,0,100
5,1780,-6,-5,0,0,48,0,0,100
5,1781,6,6,0,0,46,0,0,100
5,1782,-3,-9,0,0,47,0,0,100
5,1783,-1,0,0,0,47,0,0,100
5,1784,1,4,0,0,47,0,0,100
5,1785,-3,1,0,0,47,0,0,100
5,1786,-1,-2,0,0,47,0,0,100
5,1787,0,-5,0,0,48,0,0,100
5,1788,1,10,0,0,48,0,0,100
5,1789,-5,-7,0,0,48,0,0,100
5,1790,-2,7,0,0,48,0,0,100
5,1791,-3,1,0,0,49,0,0,100
5,1792,-2,1,0,0,50,0,0,100
5,1793,-3,-2,0,0,50,0,0,100
5,1794,-3,0,0,0,51,0,0,100
5,1795,-2,0,0,0,51,0,0,100
5,1796,-2,-2,0,0,51,0,0,100
5,1797,-2,-3,0,0,52,0,0,100
5,1798,-2,-2,0,0,53,0,0,100
5,1799,-1,-4,0,0,53,0,0,100
